[
  {
    "function": "minecraft:set_lore",
    "lore": [
      {
        "text": " "
      },
      {
        "text": "✎ Blindness",
        "color": "#C5A6FF",
        "bold": false,
        "italic": false,
        "underlined": false,
        "strikethrough": false,
        "obfuscated": false
      },
      {
        "text": "The mob cannot see or aggro on players.",
        "color": "#FFF4D9",
        "bold": false,
        "italic": false,
        "underlined": false,
        "strikethrough": false,
        "obfuscated": false
      }
    ]
  }
]
