[
  {
    "function": "minecraft:set_lore",
    "lore": [
      {
        "text": " "
      },
      {
        "text": "✎ Infection",
        "color": "#C5A6FF",
        "bold": false,
        "italic": false,
        "underlined": false,
        "strikethrough": false,
        "obfuscated": false
      },
      {
        "text": "The mob takes damage over time. Spreads",
        "color": "#FFF4D9",
        "bold": false,
        "italic": false,
        "underlined": false,
        "strikethrough": false,
        "obfuscated": false
      },
      {
          "text": "to other enemies when the mob dies.",
          "color": "#FFF4D9",
          "bold": false,
          "italic": false,
          "underlined": false,
          "strikethrough": false,
          "obfuscated": false
        }
    ]
  }
]
