{
  "condition": "minecraft:any_of",
  "terms": [
    {
      "condition": "minecraft:entity_properties",
      "entity": "this",
      "predicate": {
        "equipment": {
          "offhand": {
            "item": "minecraft:knowledge_book",
            "nbt": "{Lexica:1}"
          }
        }
      }
    },
    {
      "condition": "minecraft:entity_properties",
      "entity": "this",
      "predicate": {
        "equipment": {
          "mainhand": {
            "item": "minecraft:knowledge_book",
            "nbt": "{Lexica:1}"
          }
        }
      }
    }
  ]
}
