{
    "display": {
        "title": {
            "translate": "ca.abilities.adv.alchemist.title",
            "fallback": "Alchemist                ",
            "color": "white"
        },
        "description": {
            "translate": "ca.abilities.adv.alchemist.desc",
            "fallback": "Mob attacks or effects inflict potion effects.",
            "color": "white"
        },
        "icon": {
            "item": "minecraft:splash_potion"
        },
        "frame": "task",
        "show_toast": false,
        "announce_to_chat": false,
        "hidden": true
    },
    "criteria": {
        "found": {
            "trigger": "minecraft:player_killed_entity",
            "conditions": {
                "entity": {
                    "nbt": "{Tags:[\"ca.alchemist\"]}"
                }
            }
        }
    },
    "parent": "cartographer_mob_abilities:trait/trait_abilities"
}
