{
    "display": {
        "title": {
            "translate": "ca.abilities.adv.blazing.title",
            "fallback": "Blazing                  ",
            "color": "white"
        },
        "description": {
            "translate": "ca.abilities.adv.blazing.desc",
            "fallback": "Mob attacks or effects create fire.",
            "color": "white"
        },
        "icon": {
            "item": "minecraft:blaze_powder"
        },
        "frame": "task",
        "show_toast": false,
        "announce_to_chat": false,
        "hidden": true
    },
    "criteria": {
        "found": {
            "trigger": "minecraft:player_killed_entity",
            "conditions": {
                "entity": {
                    "nbt": "{Tags:[\"ca.blazing\"]}"
                }
            }
        }
    },
    "parent": "cartographer_mob_abilities:trait/hit/alchemist"
}
