{
    "display": {
        "title": {
            "translate": "ca.abilities.adv.glacial.title",
            "fallback": "Glacial                  ",
            "color": "white"
        },
        "description": {
            "translate": "ca.abilities.adv.glacial.desc",
            "fallback": "Mob attacks or effects slow players.",
            "color": "white"
        },
        "icon": {
            "item": "minecraft:ice"
        },
        "frame": "task",
        "show_toast": false,
        "announce_to_chat": false,
        "hidden": true
    },
    "criteria": {
        "found": {
            "trigger": "minecraft:player_killed_entity",
            "conditions": {
                "entity": {
                    "nbt": "{Tags:[\"ca.glacial\"]}"
                }
            }
        }
    },
    "parent": "cartographer_mob_abilities:trait/hit/blazing"
}
