{
    "display": {
        "title": {
            "translate": "ca.abilities.adv.horrifying.title",
            "fallback": "Horrifying               ",
            "color": "white"
        },
        "description": {
            "translate": "ca.abilities.adv.horrifying.desc",
            "fallback": "Mob attacks or effects temporarily suppress the player's senses (visual and auditory).",
            "color": "white"
        },
        "icon": {
            "item": "minecraft:sculk_shrieker"
        },
        "frame": "task",
        "show_toast": false,
        "announce_to_chat": false,
        "hidden": true
    },
    "criteria": {
        "found1": {
            "trigger": "minecraft:player_killed_entity",
            "conditions": {
                "entity": {
                    "nbt": "{Tags:[\"ca.horrifying\"]}"
                }
            }
        }
    },
    "parent": "cartographer_mob_abilities:trait/hit/glacial"
}
