{
    "display": {
        "title": {
            "translate": "ca.abilities.adv.overloading.title",
            "fallback": "Overloading              ",
            "color": "white"
        },
        "description": {
            "translate": "ca.abilities.adv.overloading.desc",
            "fallback": "Mob attacks or effects create nearby mini lightning strikes that damage players shortly after.",
            "color": "white"
        },
        "icon": {
            "item": "minecraft:end_rod"
        },
        "frame": "task",
        "show_toast": false,
        "announce_to_chat": false,
        "hidden": true
    },
    "criteria": {
        "found": {
            "trigger": "minecraft:player_killed_entity",
            "conditions": {
                "entity": {
                    "nbt": "{Tags:[\"ca.overloading\"]}"
                }
            }
        }
    },
    "parent": "cartographer_mob_abilities:trait/hit/horrifying"
}
