{
    "display": {
        "title": {
            "translate": "ca.abilities.adv.venemous.title",
            "fallback": "Venemous                 ",
            "color": "white"
        },
        "description": {
            "translate": "ca.abilities.adv.venemous.desc",
            "fallback": "Mob attacks or effects poison players. Poison burns faster if the player has saturation.",
            "color": "white"
        },
        "icon": {
            "item": "minecraft:slime_ball"
        },
        "frame": "task",
        "show_toast": false,
        "announce_to_chat": false,
        "hidden": true
    },
    "criteria": {
        "found": {
            "trigger": "minecraft:player_killed_entity",
            "conditions": {
                "entity": {
                    "nbt": "{Tags:[\"ca.venemous\"]}"
                }
            }
        }
    },
    "parent": "cartographer_mob_abilities:trait/hit/overloading"
}
