{
    "display": {
        "title": {
            "translate": "ca.abilities.adv.webbing.title",
            "fallback": "Webbing                  ",
            "color": "white"
        },
        "description": {
            "translate": "ca.abilities.adv.webbing.desc",
            "fallback": "Mob attacks or effects create temporary webs around the player.",
            "color": "white"
        },
        "icon": {
            "item": "minecraft:cobweb"
        },
        "frame": "task",
        "show_toast": false,
        "announce_to_chat": false,
        "hidden": true
    },
    "criteria": {
        "found": {
            "trigger": "minecraft:player_killed_entity",
            "conditions": {
                "entity": {
                    "nbt": "{Tags:[\"ca.webbing\"]}"
                }
            }
        }
    },
    "parent": "cartographer_mob_abilities:trait/hit/venemous"
}
