{
    "criteria": {
      "requirement": {
        "trigger": "minecraft:player_killed_entity",
        "conditions": {
          "entity": [
            {
              "condition": "minecraft:entity_properties",
              "entity": "this",
              "predicate": {
                "nbt": "{Tags:[\"ca.prevent_effects\",\"ca.sh_shulker_bullet\"]}"
              }
            }
          ]
        }
      }
    },
    "rewards": {
      "function": "cartographer_mob_abilities:passive/block_effects/destroy_shulker_projectiles"
    }
  }
  