{
  "criteria": {
    "requirement": {
      "trigger": "minecraft:effects_changed",
      "conditions": {
        "effects": {
          "minecraft:hunger": {}
        },
        "source": [
          {
            "condition": "minecraft:entity_properties",
            "entity": "this",
            "predicate": {
              "type": "minecraft:husk",
              "nbt": "{Tags:[\"ca.prevent_effects\"]}"
            }
          }
        ]
      }
    }
  },
  "rewards": {
    "function": "cartographer_mob_abilities:passive/block_effects/husk"
  }
}
