{
  "criteria": {
    "requirement": {
      "trigger": "minecraft:effects_changed",
      "conditions": {
        "effects": {
          "minecraft:wither": {}
        },
        "source": [
          {
            "condition": "minecraft:entity_properties",
            "entity": "this",
            "predicate": {
              "type": "minecraft:wither",
              "nbt": "{Tags:[\"ca.prevent_effects\"]}"
            }
          }
        ]
      }
    }
  },
  "rewards": {
    "function": "cartographer_mob_abilities:passive/block_effects/wither_skeleton"
  }
}
