{
  "criteria": {
    "requirement": {
      "trigger": "minecraft:inventory_changed",
      "conditions": {
        "player": [
          {
            "condition": "minecraft:entity_properties",
            "entity": "this",
            "predicate": {
              "nbt": "{Inventory:[{tag:{CustomEnchantments:[{id:\"infinity\"}]}}]}"
            }
          }
        ]
      }
    }
  },
  "rewards": {
    "function": "cartographer_custom_enchantments:enchant_effects/infinity/inventory_changed"
  }
}
