{
  "criteria": {
    "requirement": {
      "trigger": "minecraft:player_killed_entity",
      "conditions": {
        "player": [],
        "entity": [
          {
            "condition": "minecraft:entity_properties",
            "entity": "this",
            "predicate": {
              "nbt": "{Tags:[\"ca.rally_marked\"]}"
            }
          }
        ]
      }
    }
  },
  "rewards": {
    "function": "cartographer_custom_enchantments:enchant_effects/rally/kill_mark"
  }
}
