{
  "criteria": {
    "requirement": {
      "trigger": "minecraft:inventory_changed",
      "conditions": {
        "player": [
          {
            "condition": "minecraft:entity_scores",
            "entity": "this",
            "scores": {
              "helper_trident2": {
                "min": 1,
                "max": 100
              }
            }
          }
        ]
      }
    }
  },
  "rewards": {
    "function": "cartographer_custom_enchantments:enchant_calls/check_trident_throw"
  }
}
