{
    "criteria": {
        "tick": {
            "trigger": "minecraft:tick"
        }
    },
    "display": {
        "title": {
            "translate": "ca.enchants.adv.tree_curse.title",
            "fallback": "Curses                   ",
            "color": "#ff8c8c",
            "bold": false
        },
        "description": {
            "bold": false,
            "color": "white",
            "translate": "ca.enchants.adv.tree_curse.desc",
            "fallback": "Enchantments with negative effects."
        },
        "icon": {
            "item": "minecraft:redstone"
        },
        "frame": "goal",
        "show_toast": false,
        "announce_to_chat": false,
        "hidden": false
    },
    "parent": "cartographer_custom_enchantments:root"
}
