{
    "criteria": {
        "tick": {
            "trigger": "minecraft:tick"
        }
    },
    "display": {
        "title": {
            "translate": "ca.enchants.adv.tree_other.title",
            "fallback": "Other Enchantments       ",
            "color": "yellow"
        },
        "description": {
            "color": "white",
            "translate": "ca.enchants.adv.tree_other.desc",
            "fallback": "Enchantments that don't fit in any other category."
        },
        "icon": {
            "item": "minecraft:experience_bottle"
        },
        "frame": "goal",
        "show_toast": false,
        "announce_to_chat": false,
        "hidden": false
    },
    "parent": "cartographer_custom_enchantments:root"
}
