{
    "display": {
        "title": {
            "translate": "ca.enchants.adv.tree_tool.title",
            "fallback": "Tools                    ",
            "color": "yellow"
        },
        "description": {
            "translate": "ca.enchants.adv.tree_tool.desc",
            "fallback": "Enchantments that affect tools.",
            "color": "white"
        },
        "icon": {
            "item": "minecraft:iron_pickaxe"
        },
        "frame": "goal",
        "show_toast": false,
        "announce_to_chat": false,
        "hidden": false
    },
    "criteria": {
        "tick": {
            "trigger": "minecraft:tick"
        }
    },
    "parent": "cartographer_custom_enchantments:root"
}
