{
    "type": "minecraft:block",
    "pools": [
      {
        "rolls": 1,
        "bonus_rolls": 0,
        "entries": [
          {
            "type": "minecraft:alternatives",
            "children": [
              {
                "type": "minecraft:item",
                "name": "minecraft:decorated_pot",
                "functions": [
                  {
                    "function": "minecraft:copy_nbt",
                    "source": "block_entity",
                    "ops": [
                      {
                        "source": "sherds",
                        "target": "BlockEntityTag.sherds",
                        "op": "replace"
                      }
                    ]
                  }
                ]
              }
            ]
          }
        ]
      }
    ]
  }
  