{
  "pools": [
    {
      "rolls": 1,
      "entries": [
        {
          "type": "minecraft:empty",
          "weight": 9
        },
        {
          "type": "minecraft:item",
          "weight": 1,
          "name": "minecraft:player_head",
          "functions": [
            {
              "function": "minecraft:set_nbt",
              "tag": "{MimicDisguise:1,display:{Name:'{\"text\":\"Mimic Head\",\"color\":\"yellow\",\"italic\":false}',Lore:['{\"text\":\"The remains of an entity that\",\"color\":\"dark_gray\",\"italic\":false}','{\"text\":\"punishes the greediest of souls.\",\"color\":\"dark_gray\",\"italic\":false}']},SkullOwner:{Id:[I;-1556979608,787366593,-1246441793,318626814],Properties:{textures:[{Value:\"eyJ0ZXh0dXJlcyI6eyJTS0lOIjp7InVybCI6Imh0dHA6Ly90ZXh0dXJlcy5taW5lY3JhZnQubmV0L3RleHR1cmUvZmIxN2M1YTk5ZTg1ODE4NDgyY2Q2YzBjNzFiN2VmOTRhY2VkYjZiOGUxZDg5NDRhZGY5MWU1MWU1MDg2NTY2ZiJ9fX0=\"}]}}}"
            }
          ]
        }
      ]
    },
    {
      "rolls": 1,
      "entries": [
        {
          "type": "minecraft:item",
          "name": "minecraft:paper",
          "functions": [
            {
              "function": "minecraft:set_nbt",
              "tag": "{MimicDeath:1}"
            }
          ]
        }
      ]
    }
  ]
}
