{
    "criteria": {
        "find": {
            "trigger": "minecraft:inventory_changed",
            "conditions": {
                "items": [
                    {
                        "nbt": "{CustomEnchantments:[{id:\"current\"}]}"
                    }
                ]
            }
        }
    },
    "display": {
        "title": {
            "translate": "ca.enchants.adv.current.title",
            "fallback": "Current                  ",
            "color": "aqua"
        },
        "description": {
            "translate": "ca.enchants.adv.current.desc",
            "fallback": "On ranged attacks, the trident drags the victim to its position (back to the thrower when combined with Loyalty).",
            "color": "white"
        },
        "icon": {
            "item": "minecraft:fishing_rod"
        },
        "frame": "task",
        "show_toast": true,
        "announce_to_chat": false,
        "hidden": true
    },
    "rewards": {
        "function": "cartographer_custom_enchantments:descriptions/ranged/current"
    },
    "parent": "cartographer_custom_enchantments:ranged/collapse"
}
