{
    "display": {
        "title": {
            "translate": "ca.enchants.adv.explosive.title",
            "fallback": "Explosive                ",
            "color": "aqua"
        },
        "description": {
            "color": "white",
            "translate": "ca.enchants.adv.explosive.desc",
            "fallback": "Arrows fired from this weapon explode when they hit enemies. Effects the arrows would gain from enchants are spread to hit enemies."
        },
        "icon": {
            "item": "minecraft:firework_rocket"
        },
        "frame": "task",
        "show_toast": true,
        "announce_to_chat": false,
        "hidden": true
    },
    "criteria": {
        "find": {
            "trigger": "minecraft:inventory_changed",
            "conditions": {
                "items": [
                    {
                        "nbt": "{CustomEnchantments:[{id:\"explosive\"}]}"
                    }
                ]
            }
        }
    },
    "rewards": {
        "function": "cartographer_custom_enchantments:descriptions/ranged/explosive"
    },
    "parent": "cartographer_custom_enchantments:tree_ranged"
}
