{
    "display": {
        "title": {
            "translate": "ca.enchants.adv.frost.title",
            "fallback": "Frost                    ",
            "color": "aqua"
        },
        "description": {
            "translate": "ca.enchants.adv.frost.desc",
            "fallback": "Arrows fired from this weapon inflict Slowness on enemies.",
            "color": "white"
        },
        "icon": {
            "item": "minecraft:snowball"
        },
        "frame": "task",
        "show_toast": true,
        "announce_to_chat": false,
        "hidden": true
    },
    "criteria": {
        "find": {
            "trigger": "minecraft:inventory_changed",
            "conditions": {
                "items": [
                    {
                        "nbt": "{CustomEnchantments:[{id:\"frost\"}]}"
                    }
                ]
            }
        }
    },
    "rewards": {
        "function": "cartographer_custom_enchantments:descriptions/ranged/frost"
    },
    "parent": "cartographer_custom_enchantments:ranged/fleetfoot"
}
