{
    "criteria": {
        "find": {
            "trigger": "minecraft:inventory_changed",
            "conditions": {
                "items": [
                    {
                        "nbt": "{CustomEnchantments:[{id:\"hydraulic\"}]}"
                    }
                ]
            }
        }
    },
    "display": {
        "title": {
            "translate": "ca.enchants.adv.hydraulic.title",
            "fallback": "Hydraulic                ",
            "color": "aqua"
        },
        "description": {
            "translate": "ca.enchants.adv.hydraulic.desc",
            "fallback": "The trident's throw attack is replaced by a close ranged watery shove that knocks all nearby enemies back and deals damage.",
            "color": "white"
        },
        "icon": {
            "item": "minecraft:trident"
        },
        "frame": "task",
        "show_toast": true,
        "announce_to_chat": false,
        "hidden": true
    },
    "rewards": {
        "function": "cartographer_custom_enchantments:descriptions/ranged/hydraulic"
    },
    "parent": "cartographer_custom_enchantments:ranged/current"
}
