{
    "display": {
        "title": {
            "translate": "ca.enchants.adv.overcharge.title",
            "fallback": "Overcharge               ",
            "color": "aqua"
        },
        "description": {
            "translate": "ca.enchants.adv.overcharge.desc",
            "fallback": "This bow can be drawn for a longer time, for increased damage.",
            "color": "white"
        },
        "icon": {
            "item": "minecraft:bow"
        },
        "frame": "task",
        "show_toast": true,
        "announce_to_chat": false,
        "hidden": true
    },
    "criteria": {
        "find": {
            "trigger": "minecraft:inventory_changed",
            "conditions": {
                "items": [
                    {
                        "nbt": "{CustomEnchantments:[{id:\"overcharge\"}]}"
                    }
                ]
            }
        }
    },
    "rewards": {
        "function": "cartographer_custom_enchantments:descriptions/ranged/overcharge"
    },
    "parent": "cartographer_custom_enchantments:ranged/frost"
}
