{
    "criteria": {
        "find": {
            "trigger": "minecraft:inventory_changed",
            "conditions": {
                "items": [
                    {
                        "nbt": "{CustomEnchantments:[{id:\"repulsion\"}]}"
                    }
                ]
            }
        }
    },
    "display": {
        "title": {
            "translate": "ca.enchants.adv.repulsion.title",
            "fallback": "Repulsion                ",
            "color": "aqua"
        },
        "description": {
            "translate": "ca.enchants.adv.repulsion.desc",
            "fallback": "When this crossbow is reloaded, a blast of wind is created, knocking back nearby enemies.",
            "color": "white"
        },
        "icon": {
            "item": "minecraft:feather"
        },
        "frame": "task",
        "show_toast": true,
        "announce_to_chat": false,
        "hidden": true
    },
    "rewards": {
        "function": "cartographer_custom_enchantments:descriptions/ranged/repulsion"
    },
    "parent": "cartographer_custom_enchantments:ranged/repeater"
}
