{
    "display": {
        "title": {
            "translate": "ca.enchants.adv.sharpshot.title",
            "fallback": "Sharpshot                ",
            "color": "aqua"
        },
        "description": {
            "color": "white",
            "translate": "ca.enchants.adv.sharpshot.desc",
            "fallback": "Arrows from this weapon deal more damage the farther they travel."
        },
        "icon": {
            "item": "minecraft:emerald"
        },
        "frame": "task",
        "show_toast": true,
        "announce_to_chat": false,
        "hidden": true
    },
    "criteria": {
        "find": {
            "trigger": "minecraft:inventory_changed",
            "conditions": {
                "items": [
                    {
                        "nbt": "{CustomEnchantments:[{id:\"sharpshot\"}]}"
                    }
                ]
            }
        }
    },
    "rewards": {
        "function": "cartographer_custom_enchantments:descriptions/ranged/sharpshot"
    },
    "parent": "cartographer_custom_enchantments:ranged/point_blank"
}
