{
    "display": {
        "title": {
            "translate": "ca.enchants.adv.tempest.title",
            "fallback": "Tempest                  ",
            "color": "aqua"
        },
        "description": {
            "color": "white",
            "translate": "ca.enchants.adv.tempest.desc",
            "fallback": "Trident throws deal additional damage."
        },
        "icon": {
            "item": "minecraft:prismarine_shard"
        },
        "frame": "task",
        "show_toast": true,
        "announce_to_chat": false,
        "hidden": true
    },
    "criteria": {
        "find": {
            "trigger": "minecraft:inventory_changed",
            "conditions": {
                "items": [
                    {
                        "nbt": "{CustomEnchantments:[{id:\"tempest\"}]}"
                    }
                ]
            }
        }
    },
    "rewards": {
        "function": "cartographer_custom_enchantments:descriptions/ranged/tempest"
    },
    "parent": "cartographer_custom_enchantments:ranged/ricochet"
}
