{
    "criteria": {
        "find": {
            "trigger": "minecraft:inventory_changed",
            "conditions": {
                "items": [
                    {
                        "nbt": "{CustomEnchantments:[{id:\"trueshot\"}]}"
                    }
                ]
            }
        }
    },
    "display": {
        "title": {
            "translate": "ca.enchants.adv.trueshot.title",
            "fallback": "Trueshot                 ",
            "color": "aqua"
        },
        "description": {
            "color": "white",
            "translate": "ca.enchants.adv.trueshot.desc",
            "fallback": "Arrows fired from this weapon are unaffected by gravity and move twice as fast."
        },
        "icon": {
            "item": "minecraft:spectral_arrow"
        },
        "frame": "task",
        "show_toast": true,
        "announce_to_chat": false,
        "hidden": true
    },
    "rewards": {
        "function": "cartographer_custom_enchantments:descriptions/ranged/trueshot"
    },
    "parent": "cartographer_custom_enchantments:ranged/tempo_theft"
}
