{
        "criteria": {
          "requirement": {
            "trigger": "minecraft:player_killed_entity",
            "conditions": {
              "entity": [
                {
                  "condition": "minecraft:entity_properties",
                  "entity": "this",
                  "predicate": {
                    "nbt": "{Tags:[\"ca.takes_light\",\"tokened\"]}"
                  }
                }
              ]
            }
          }
        },
        "rewards": {
          "function": "cartographer_mob_abilities:helper/token/return/light"
        }
      }
      