{
    "criteria": {
        "tick": {
            "trigger": "minecraft:tick"
        }
    },
    "display": {
        "title": {
            "translate": "ca.abilities.adv.root.title",
            "fallback": "Lexica: Beastiary            ",
            "color": "#ACFFA6"
        },
        "description": {
            "color": "white",
            "translate": "ca.abilities.adv.root.desc",
            "fallback": "Whenever you kill an enemy with a unique property or skill, this tab creates a short description of it."
        },
        "icon": {
            "item": "minecraft:writable_book"
        },
        "frame": "task",
        "show_toast": false,
        "announce_to_chat": false,
        "hidden": false,
        "background": "minecraft:textures/block/bone_block_side.png"
    }
}
