{
    "criteria": {
        "find": {
            "trigger": "minecraft:inventory_changed",
            "conditions": {
                "items": [
                    {
                        "nbt": "{CustomEnchantments:[{id:\"sapper\"}]}"
                    }
                ]
            }
        }
    },
    "display": {
        "title": {
            "translate": "ca.enchants.adv.sapper.title",
            "fallback": "Sapper                   ",
            "color": "aqua"
        },
        "description": {
            "translate": "ca.enchants.adv.sapper.desc",
            "fallback": "When you break a spawner with this tool, restore health.",
            "color": "white"
        },
        "icon": {
            "item": "minecraft:gold_nugget"
        },
        "frame": "task",
        "show_toast": true,
        "announce_to_chat": false,
        "hidden": true
    },
    "rewards": {
        "function": "cartographer_custom_enchantments:descriptions/tool/sapper"
    },
    "parent": "cartographer_custom_enchantments:tool/eruption"
}
