{
  "display": {
    "icon": {
      "item": "minecraft:nether_wart"
    },
    "title": {
      "translate": "ca.statuses.adv.bleeding.title",
      "fallback": "Bleeding                 ",
      "color": "#57dec0"
    },
    "description": {
      "translate": "ca.statuses.adv.bleeding.desc",
      "fallback": "Affected mob takes damage every second based on the number of stacks applied. When they take damage, the number of stacks is cut in half.",
      "color": "white"
    },
    "frame": "task",
    "show_toast": true,
    "announce_to_chat": false,
    "hidden": true
  },
  "parent": "cartographer_custom_statuses:negative_tree",
  "criteria": {
    "find1": {
      "trigger": "minecraft:inventory_changed",
      "conditions": {
        "items": [
          {
            "nbt": "{apply_status:[{id:\"bleeding\"}]}"
          }
        ]
      }
    },
    "find2": {
      "trigger": "minecraft:inventory_changed",
      "conditions": {
        "items": [
          {
            "nbt": "{custom_statuses:[{id:\"bleeding\"}]}"
          }
        ]
      }
    }
  },
  "requirements": [
    [
      "find1",
      "find2"
    ]
  ],
  "rewards": {
    "function": "cartographer_custom_statuses:descriptions/bleeding"
  }
}
