{
  "display": {
    "icon": {
      "item": "minecraft:purple_stained_glass"
    },
    "title": {
      "translate": "ca.statuses.adv.cloaked.title",
      "fallback": "Cloaked                ",
      "color": "#57dec0"
    },
    "description": {
      "translate": "ca.statuses.adv.cloaked.desc",
      "fallback": "Affected mob is invisible, creating noises and particles around it to indicate its presence. When attacked, the remaining duration is reduced.",
      "color": "white"
    },
    "frame": "task",
    "show_toast": true,
    "announce_to_chat": false,
    "hidden": true
  },
  "parent": "cartographer_custom_statuses:positive_tree",
  "criteria": {
    "found": {
      "trigger": "minecraft:player_killed_entity",
      "conditions": {
        "entity": [
          {
            "condition": "minecraft:entity_properties",
            "entity": "this",
            "predicate": {
              "nbt": "{Tags:[\"ca.shimmerskin\"]}"
            }
          }
        ]
      }
    },
    "find1": {
      "trigger": "minecraft:player_killed_entity",
      "conditions": {
        "entity": [
          {
            "condition": "minecraft:entity_properties",
            "entity": "this",
            "predicate": {
              "nbt": "{Tags:[\"ca.cloaking\"]}"
            }
          }
        ]
      }
    },
    "find2": {
      "trigger": "minecraft:inventory_changed",
      "conditions": {
        "items": [
          {
            "nbt": "{apply_status:[{id:\"cloaking\"}]}"
          }
        ]
      }
    },
    "find3": {
      "trigger": "minecraft:inventory_changed",
      "conditions": {
        "items": [
          {
            "nbt": "{custom_statuses:[{id:\"cloaking\"}]}"
          }
        ]
      }
    }
  },
  "requirements": [
    [
      "found",
      "find1",
      "find2",
      "find3"
    ]
  ],
  "rewards": {
    "function": "cartographer_custom_statuses:descriptions/cloaked"
  }
}
