{
    "display": {
        "title": {
            "translate": "ca.statuses.adv.polymorphed.title",
            "fallback": "Polymorphed              ",
            "color": "#57dec0"
        },
        "description": {
            "translate": "ca.statuses.adv.polymorphed.desc",
            "fallback": "Affected mob enemy is temporarily turned into a chicken. This can only happen one time per enemy.",
            "color": "white"
        },
        "icon": {
            "item": "minecraft:chicken"
        },
        "frame": "task",
        "show_toast": true,
        "announce_to_chat": false,
        "hidden": true
    },
    "criteria": {
        "find1": {
            "trigger": "minecraft:inventory_changed",
            "conditions": {
                "items": [
                    {
                        "nbt": "{custom_statuses:[{id:\"morph\"}]}"
                    }
                ]
            }
        },
        "find2": {
            "trigger": "minecraft:inventory_changed",
            "conditions": {
              "items": [
                {
                  "nbt": "{apply_status:[{id:\"morph\"}]}"
                }
              ]
            }
          }
    },
    "requirements": [
        [
            "find1",
            "find2"
        ]
    ],
    "rewards": {
        "function": "cartographer_custom_statuses:descriptions/morph"
    },
    "parent": "cartographer_custom_statuses:infected"
}
