{
    "display": {
        "title": {
            "translate": "ca.statuses.adv.tree_negative.title",
            "fallback": "Negative Effects         ",
            "color": "yellow"
        },
        "description": {
            "translate": "ca.statuses.adv.tree_negative.desc",
            "fallback": "Harmful Custom Status Effects that are detrimental (to enemies).",
            "color": "white"
        },
        "icon": {
            "item": "minecraft:red_dye"
        },
        "frame": "goal",
        "show_toast": false,
        "announce_to_chat": false,
        "hidden": false
    },
    "criteria": {
        "tick": {
            "trigger": "minecraft:tick"
        }
    },
    "parent": "cartographer_custom_statuses:root"
}
