{
  "display": {
    "icon": {
      "item": "minecraft:charcoal"
    },
    "title": {
      "translate": "ca.statuses.adv.oiled.title",
      "fallback": "Oiled                    ",
      "color": "#57dec0"
    },
    "description": {
      "translate": "ca.statuses.adv.oiled.desc",
      "fallback": "When the affected mob is set on fire, the fire tick will do bonus damage until the mob is extinguished.",
      "color": "white"
    },
    "frame": "task",
    "show_toast": true,
    "announce_to_chat": false,
    "hidden": true
  },
  "parent": "cartographer_custom_statuses:morph",
  "criteria": {
    "find1": {
      "trigger": "minecraft:inventory_changed",
      "conditions": {
        "items": [
          {
            "nbt": "{apply_status:[{id:\"oiled\"}]}"
          }
        ]
      }
    },
    "find2": {
      "trigger": "minecraft:inventory_changed",
      "conditions": {
        "items": [
          {
            "nbt": "{custom_statuses:[{id:\"oiled\"}]}"
          }
        ]
      }
    }
  },
  "requirements": [
    [
      "find1",
      "find2"
    ]
  ],
  "rewards": {
    "function": "cartographer_custom_statuses:descriptions/oiled"
  }
}
