{
    "criteria": {
        "tick": {
            "trigger": "minecraft:tick"
        }
    },
    "display": {
        "title": {
            "translate": "ca.statuses.adv.root.title",
            "fallback": "Lexica: Afflictions            ",
            "color": "#ACFFA6"
        },
        "description": {
            "translate": "ca.statuses.adv.root.desc",
            "fallback": "Whenever you use a mysterious status effect, this tab creates a short description of it.",
            "color": "white"
        },
        "icon": {
            "item": "minecraft:splash_potion"
        },
        "frame": "task",
        "show_toast": false,
        "announce_to_chat": false,
        "hidden": true,
        "background": "minecraft:textures/block/bone_block_side.png"
    }
}
