{
    "display": {
        "title": {
            "translate": "ca.statuses.adv.shackled.title",
            "fallback": "Shackled                 ",
            "color": "#57dec0"
        },
        "description": {
            "translate": "ca.statuses.adv.shackled.desc",
            "fallback": "Affected mobs receive some of the damage nearby Shackled mobs receive.",
            "color": "white"
        },
        "icon": {
            "item": "minecraft:chain"
        },
        "frame": "task",
        "show_toast": true,
        "announce_to_chat": false,
        "hidden": true
    },
    "criteria": {
        "found1": {
            "trigger": "minecraft:inventory_changed",
            "conditions": {
              "items": [
                {
                  "nbt": "{apply_status:[{id:\"shackled\"}]}"
                }
              ]
            }
          },
          "found2": {
            "trigger": "minecraft:inventory_changed",
            "conditions": {
              "items": [
                {
                  "nbt": "{custom_statuses:[{id:\"shackled\"}]}"
                }
              ]
            }
          }
    },
    "requirements": [
        [
            "found1",
            "found2"
        ]
    ],
    "rewards": {
        "function": "cartographer_custom_statuses:descriptions/shackled"
    },
    "parent": "cartographer_custom_statuses:oiled"
}
