{
    "display": {
        "title": {
            "translate": "ca.statuses.adv.shocking.title",
            "fallback": "Shocking                  ",
            "color": "#57dec0"
        },
        "description": {
            "translate": "ca.statuses.adv.shocking.desc",
            "fallback": "Affected mob takes damage every second and damages nearby enemies. After enough shocks, afflicted and nearby enemies are knocked back.",
            "color": "white"
        },
        "icon": {
            "item": "minecraft:end_rod"
        },
        "frame": "task",
        "show_toast": true,
        "announce_to_chat": false,
        "hidden": true
    },
    "criteria": {
        "find1": {
            "trigger": "minecraft:inventory_changed",
            "conditions": {
              "items": [
                {
                  "nbt": "{apply_status:[{id:\"shocking\"}]}"
                }
              ]
            }
          },
        "find2": {
            "trigger": "minecraft:inventory_changed",
            "conditions": {
                "items": [
                    {
                        "nbt": "{custom_statuses:[{id:\"shocking\"}]}"
                    }
                ]
            }
        }
    },
    "requirements": [
        [
            "find1",
            "find2"
        ]
    ],
    "rewards": {
        "function": "cartographer_custom_statuses:descriptions/shocked"
    },
    "parent": "cartographer_custom_statuses:shackled"
}
