{
    "display": {
        "title": {
            "translate": "ca.statuses.adv.stunned.title",
            "fallback": "Stunned                  ",
            "color": "#57dec0"
        },
        "description": {
            "translate": "ca.statuses.adv.stunned.desc",
            "fallback": "Affected mob cannot move, attack, or use abilities. In progress abilities are interrupted.",
            "color": "white"
        },
        "icon": {
            "item": "minecraft:yellow_concrete"
        },
        "frame": "task",
        "show_toast": true,
        "announce_to_chat": false,
        "hidden": true
    },
    "criteria": {
        "found1": {
            "trigger": "minecraft:inventory_changed",
            "conditions": {
              "items": [
                {
                  "nbt": "{apply_status:[{id:\"stun\"}]}"
                }
              ]
            }
          },
          "found2": {
            "trigger": "minecraft:inventory_changed",
            "conditions": {
              "items": [
                {
                  "nbt": "{custom_statuses:[{id:\"stun\"}]}"
                }
              ]
            }
          }
    },
    "requirements": [
        [
            "found1",
            "found2"
        ]
    ],
    "rewards": {
        "function": "cartographer_custom_statuses:descriptions/stunned"
    },
    "parent": "cartographer_custom_statuses:shock"
}
