{
  "display": {
    "icon": {
      "item": "minecraft:feather"
    },
    "title": {
      "translate": "ca.abilities.adv.acrobatic.title",
      "fallback": "Acrobatic                ",
      "color": "white"
    },
    "description": {
      "translate": "ca.abilities.adv.acrobatic.desc",
      "fallback": "Ability casts launch the mob towards or away from players.",
      "color": "white"
    },
    "frame": "task",
    "show_toast": false,
    "announce_to_chat": false,
    "hidden": true
  },
  "parent": "cartographer_mob_abilities:trait/trait_abilities",
  "criteria": {
    "basic": {
      "trigger": "minecraft:player_killed_entity",
      "conditions": {
        "entity": {
          "nbt": "{Tags:[\"ca.acrobatic\"]}"
        }
      }
    },
    "strafe": {
      "trigger": "minecraft:player_killed_entity",
      "conditions": {
        "entity": [
          {
            "condition": "minecraft:entity_properties",
            "entity": "this",
            "predicate": {
              "nbt": "{Tags:[\"ca.acro_strafe\"]}"
            }
          }
        ]
      }
    },
    "gap_close": {
      "trigger": "minecraft:player_killed_entity",
      "conditions": {
        "entity": [
          {
            "condition": "minecraft:entity_properties",
            "entity": "this",
            "predicate": {
              "nbt": "{Tags:[\"ca.acro_gap_close\"]}"
            }
          }
        ]
      }
    },
    "retreat": {
      "trigger": "minecraft:player_killed_entity",
      "conditions": {
        "entity": [
          {
            "condition": "minecraft:entity_properties",
            "entity": "this",
            "predicate": {
              "nbt": "{Tags:[\"ca.acro_retreat\"]}"
            }
          }
        ]
      }
    },
    "kite": {
      "trigger": "minecraft:player_killed_entity",
      "conditions": {
        "entity": [
          {
            "condition": "minecraft:entity_properties",
            "entity": "this",
            "predicate": {
              "nbt": "{Tags:[\"ca.acro_kite\"]}"
            }
          }
        ]
      }
    },
    "kite_forward": {
      "trigger": "minecraft:player_killed_entity",
      "conditions": {
        "entity": [
          {
            "condition": "minecraft:entity_properties",
            "entity": "this",
            "predicate": {
              "nbt": "{Tags:[\"ca.acro_kite_forward\"]}"
            }
          }
        ]
      }
    },
    "kite_strafe": {
      "trigger": "minecraft:player_killed_entity",
      "conditions": {
        "entity": [
          {
            "condition": "minecraft:entity_properties",
            "entity": "this",
            "predicate": {
              "nbt": "{Tags:[\"ca.acro_kite_strafe\"]}"
            }
          }
        ]
      }
    }
  },
  "requirements": [
    [
      "basic",
      "strafe",
      "gap_close",
      "retreat",
      "kite",
      "kite_forward",
      "kite_strafe"
    ]
  ]
}
