{
    "display": {
        "title": {
            "translate": "ca.abilities.adv.aftershock.title",
            "fallback": "Aftershock               ",
            "color": "white"
        },
        "description": {
            "translate": "ca.abilities.adv.aftershock.desc",
            "fallback": "Ability casts create small damaging tremors around the mob.",
            "color": "white"
        },
        "icon": {
            "item": "minecraft:dirt"
        },
        "frame": "task",
        "show_toast": false,
        "announce_to_chat": false,
        "hidden": true
    },
    "criteria": {
        "found": {
            "trigger": "minecraft:player_killed_entity",
            "conditions": {
                "entity": {
                    "nbt": "{Tags:[\"ca.aftershock\"]}"
                }
            }
        }
    },
    "parent": "cartographer_mob_abilities:trait/other/acrobatic"
}
