{
    "display": {
        "title": {
            "translate": "ca.abilities.adv.amplify.title",
            "fallback": "Amplify                  ",
            "color": "white"
        },
        "description": {
            "translate": "ca.abilities.adv.amplify.desc",
            "fallback": "Ability casts add stacking buffs to the caster.",
            "color": "white"
        },
        "icon": {
            "item": "minecraft:skeleton_skull"
        },
        "frame": "task",
        "show_toast": false,
        "announce_to_chat": false,
        "hidden": true
    },
    "criteria": {
        "found_b": {
            "trigger": "minecraft:player_killed_entity",
            "conditions": {
                "entity": {
                    "nbt": "{Tags:[\"ca.brutal_amplify\"]}"
                }
            }
        },
        "found_r": {
            "trigger": "minecraft:player_killed_entity",
            "conditions": {
                "entity": {
                    "nbt": "{Tags:[\"ca.relentless_amplify\"]}"
                }
            }
        },
        "found_d": {
            "trigger": "minecraft:player_killed_entity",
            "conditions": {
                "entity": {
                    "nbt": "{Tags:[\"ca.devious_amplify\"]}"
                }
            }
        },
        "found_s": {
            "trigger": "minecraft:player_killed_entity",
            "conditions": {
                "entity": {
                    "nbt": "{Tags:[\"ca.sacrificial_amplify\"]}"
                }
            }
        }
    },
    "requirements": [
        [
            "found_b",
            "found_r",
            "found_d",
            "found_s"
        ]
    ],
    "parent": "cartographer_mob_abilities:trait/other/aftershock"
}
