{
    "display": {
        "title": {
            "translate": "ca.abilities.adv.carapace.title",
            "fallback": "Carapace                 ",
            "color": "white"
        },
        "description": {
            "translate": "ca.abilities.adv.carapace.desc",
            "fallback": "Ability casts shield the mob from the next damage they receive.",
            "color": "white"
        },
        "icon": {
            "item": "minecraft:shield"
        },
        "frame": "task",
        "show_toast": false,
        "announce_to_chat": false,
        "hidden": true
    },
    "criteria": {
        "found": {
            "trigger": "minecraft:player_killed_entity",
            "conditions": {
                "entity": {
                    "nbt": "{Tags:[\"ca.carapace\"]}"
                }
            }
        }
    },
    "parent": "cartographer_mob_abilities:trait/other/amplify"
}
