{
    "display": {
        "title": {
            "translate": "ca.abilities.adv.cloaking.title",
            "fallback": "Cloaking                 ",
            "color": "white"
        },
        "description": {
            "translate": "ca.abilities.adv.cloaking.desc",
            "fallback": "Ability casts temporarily Cloak the mob.",
            "color": "white"
        },
        "icon": {
            "item": "minecraft:phantom_membrane"
        },
        "frame": "task",
        "show_toast": false,
        "announce_to_chat": false,
        "hidden": true
    },
    "criteria": {
        "found": {
            "trigger": "minecraft:player_killed_entity",
            "conditions": {
                "entity": {
                    "nbt": "{Tags:[\"ca.cloaking\"]}"
                }
            }
        }
    },
    "parent": "cartographer_mob_abilities:trait/other/carapace"
}
