{
    "display": {
        "title": {
            "translate": "ca.abilities.adv.evocative.title",
            "fallback": "Evocative                ",
            "color": "white"
        },
        "description": {
            "translate": "ca.abilities.adv.evocative.desc",
            "fallback": "Ability casts launch magic fangs towards players.",
            "color": "white"
        },
        "icon": {
            "item": "minecraft:leather"
        },
        "frame": "task",
        "show_toast": false,
        "announce_to_chat": false,
        "hidden": true
    },
    "criteria": {
        "found": {
            "trigger": "minecraft:player_killed_entity",
            "conditions": {
                "entity": {
                    "nbt": "{Tags:[\"ca.evocative\"]}"
                }
            }
        }
    },
    "parent": "cartographer_mob_abilities:trait/other/cloaking"
}
