{
    "display": {
        "title": {
            "translate": "ca.abilities.adv.legionary.title",
            "fallback": "Legionary                ",
            "color": "white"
        },
        "description": {
            "translate": "ca.abilities.adv.legionary.desc",
            "fallback": "Ability casts spawn reinforcement mobs.",
            "color": "white"
        },
        "icon": {
            "item": "minecraft:zombie_spawn_egg"
        },
        "frame": "task",
        "show_toast": false,
        "announce_to_chat": false,
        "hidden": true
    },
    "criteria": {
        "found1": {
            "trigger": "minecraft:player_killed_entity",
            "conditions": {
                "entity": {
                    "nbt": "{Tags:[\"ca.legionary\"]}"
                }
            }
        }
    },
    "parent": "cartographer_mob_abilities:trait/other/evocative"
}
