{
    "display": {
        "title": {
            "translate": "ca.abilities.adv.shrieker.title",
            "fallback": "Shrieker                 ",
            "color": "white"
        },
        "description": {
            "translate": "ca.abilities.adv.shrieker.desc",
            "fallback": "When the mob is critically injured, it screeches and launches an Active Attack at the player.",
            "color": "white"
        },
        "icon": {
            "item": "minecraft:sculk_sensor"
        },
        "frame": "task",
        "show_toast": false,
        "announce_to_chat": false,
        "hidden": true
    },
    "criteria": {
        "found": {
            "trigger": "minecraft:player_killed_entity",
            "conditions": {
                "entity": {
                    "nbt": "{Tags:[\"ca.shrieked\"]}"
                }
            }
        }
    },
    "parent": "cartographer_mob_abilities:trait/other/legionary"
}
