{
    "display": {
        "title": {
            "translate": "ca.abilities.adv.volatile.title",
            "fallback": "Volatile                 ",
            "color": "white"
        },
        "description": {
            "translate": "ca.abilities.adv.volatile.desc",
            "fallback": "Ability casts detonate mobs or associated projectiles.",
            "color": "white"
        },
        "icon": {
            "item": "minecraft:gunpowder"
        },
        "frame": "task",
        "show_toast": false,
        "announce_to_chat": false,
        "hidden": true
    },
    "criteria": {
        "found": {
            "trigger": "minecraft:player_killed_entity",
            "conditions": {
                "entity": {
                    "nbt": "{Tags:[\"ca.volatile\"]}"
                }
            }
        }
    },
    "parent": "cartographer_mob_abilities:trait/other/shrieker"
}
