{
    "display": {
        "title": {
            "translate": "ca.abilities.adv.warping.title",
            "fallback": "Warping                  ",
            "color": "white"
        },
        "description": {
            "translate": "ca.abilities.adv.warping.desc",
            "fallback": "Ability casts teleport the mob forwards a short distance.",
            "color": "white"
        },
        "icon": {
            "item": "minecraft:ender_pearl"
        },
        "frame": "task",
        "show_toast": false,
        "announce_to_chat": false,
        "hidden": true
    },
    "criteria": {
        "found": {
            "trigger": "minecraft:player_killed_entity",
            "conditions": {
                "entity": {
                    "nbt": "{Tags:[\"ca.warping\"]}"
                }
            }
        }
    },
    "parent": "cartographer_mob_abilities:trait/other/volatile"
}
