{
    "pools": [
      {
        "rolls": {
          "min": 2,
          "max": 4
        },
        "entries": [
          {
            "type": "minecraft:item",
            "name": "minecraft:player_head",
            "functions": [
              {
                "function": "minecraft:set_nbt",
                "tag": "{display:{Name:'{\"text\":\"Mob Essence\",\"color\":\"dark_aqua\",\"italic\":false}',Lore:['{\"text\":\"Can be converted into a variety\",\"color\":\"gray\",\"italic\":false}','{\"text\":\"of useful consumables via\",\"color\":\"gray\",\"italic\":false}','{\"text\":\"an Essence Vendor trader.\",\"color\":\"gray\",\"italic\":false}']},HideFlags:1,Enchantments:[{id:\"minecraft:mending\",lvl:1s}],SkullOwner:{Id:[I;1927509704,-492089604,-1707993161,-498451464],Properties:{textures:[{Value:\"eyJ0ZXh0dXJlcyI6eyJTS0lOIjp7InVybCI6Imh0dHA6Ly90ZXh0dXJlcy5taW5lY3JhZnQubmV0L3RleHR1cmUvYjUyMjljMzQ4NTRhNzI2MTg1ZTg0YzcwMzQ0MGU2ZGMzNDA3NDc1NDA3YWRhNWYxYjI3YmIyYzExNTZlYWMyZSJ9fX0=\"}]}}}"
              }
            ]
          }
        ],
        "conditions": [
          {
            "condition": "minecraft:entity_scores",
            "entity": "this",
            "scores": {
              "ca.loot_table_rules": {
                "min": 1,
                "max": 1
              }
            }
          }
        ]
      },
      {
        "rolls": {
          "min": 1,
          "max": 3
        },
        "entries": [
          {
            "type": "minecraft:item",
            "name": "minecraft:lapis_lazuli",
            "functions": [
              {
                "function": "minecraft:set_count",
                "count": {
                  "min": 2,
                  "max": 4
                }
              }
            ],
            "conditions": [
              {
                "condition": "minecraft:entity_properties",
                "entity": "this",
                "predicate": {
                  "nbt": "{Tags:[\"ca.resupply_lapis\"]}"
                }
              }
            ]
          },
          {
            "type": "minecraft:item",
            "name": "minecraft:redstone",
            "functions": [
              {
                "function": "minecraft:set_count",
                "count": {
                  "min": 2,
                  "max": 4
                }
              }
            ],
            "conditions": [
              {
                "condition": "minecraft:entity_properties",
                "entity": "this",
                "predicate": {
                  "nbt": "{Tags:[\"ca.resupply_redstone\"]}"
                }
              }
            ]
          },
          {
            "type": "minecraft:item",
            "name": "minecraft:emerald",
            "functions": [
              {
                "function": "minecraft:set_count",
                "count": 1
              }
            ],
            "conditions": [
              {
                "condition": "minecraft:entity_properties",
                "entity": "this",
                "predicate": {
                  "nbt": "{Tags:[\"ca.resupply_emerald\"]}"
                }
              }
            ]
          },
          {
            "type": "minecraft:item",
            "name": "minecraft:diamond",
            "functions": [
              {
                "function": "minecraft:set_count",
                "count": 1
              }
            ],
            "conditions": [
              {
                "condition": "minecraft:entity_properties",
                "entity": "this",
                "predicate": {
                  "nbt": "{Tags:[\"ca.resupply_diamond\"]}"
                }
              }
            ]
          },
          {
            "type": "minecraft:item",
            "name": "minecraft:raw_gold",
            "functions": [
              {
                "function": "minecraft:set_count",
                "count": {
                  "min": 1,
                  "max": 2
                }
              }
            ],
            "conditions": [
              {
                "condition": "minecraft:entity_properties",
                "entity": "this",
                "predicate": {
                  "nbt": "{Tags:[\"ca.resupply_gold\"]}"
                }
              }
            ]
          },
          {
            "type": "minecraft:item",
            "name": "minecraft:raw_iron",
            "functions": [
              {
                "function": "minecraft:set_count",
                "count": {
                  "min": 1,
                  "max": 2
                }
              }
            ],
            "conditions": [
              {
                "condition": "minecraft:entity_properties",
                "entity": "this",
                "predicate": {
                  "nbt": "{Tags:[\"ca.resupply_iron\"]}"
                }
              }
            ]
          },
          {
            "type": "minecraft:item",
            "name": "minecraft:glowstone_dust",
            "functions": [
              {
                "function": "minecraft:set_count",
                "count": {
                  "min": 2,
                  "max": 4
                }
              }
            ],
            "conditions": [
              {
                "condition": "minecraft:entity_properties",
                "entity": "this",
                "predicate": {
                  "nbt": "{Tags:[\"ca.resupply_glowstone\"]}"
                }
              }
            ]
          },
          {
            "type": "minecraft:item",
            "name": "minecraft:coal",
            "functions": [
              {
                "function": "minecraft:set_count",
                "count": {
                  "min": 2,
                  "max": 4
                }
              }
            ],
            "conditions": [
              {
                "condition": "minecraft:entity_properties",
                "entity": "this",
                "predicate": {
                  "nbt": "{Tags:[\"ca.resupply_coal\"]}"
                }
              }
            ]
          },
          {
            "type": "minecraft:item",
            "name": "minecraft:experience_bottle",
            "functions": [
              {
                "function": "minecraft:set_count",
                "count": {
                  "min": 2,
                  "max": 4
                }
              }
            ],
            "conditions": [
              {
                "condition": "minecraft:entity_properties",
                "entity": "this",
                "predicate": {
                  "nbt": "{Tags:[\"ca.resupply_xp\"]}"
                }
              }
            ]
          },
          {
            "type": "minecraft:item",
            "name": "minecraft:splash_potion",
            "functions": [
              {
                "function": "minecraft:set_potion",
                "id": "minecraft:healing"
              }
            ],
            "conditions": [
              {
                "condition": "minecraft:entity_properties",
                "entity": "this",
                "predicate": {
                  "nbt": "{Tags:[\"ca.resupply_healing\"]}"
                }
              }
            ]
          },
          {
            "type": "minecraft:item",
            "name": "minecraft:cooked_porkchop",
            "functions": [
              {
                "function": "minecraft:set_count",
                "count": {
                  "min": 2,
                  "max": 4
                }
              }
            ],
            "conditions": [
              {
                "condition": "minecraft:entity_properties",
                "entity": "this",
                "predicate": {
                  "nbt": "{Tags:[\"ca.resupply_high_food\"]}"
                }
              }
            ]
          },
          {
            "type": "minecraft:item",
            "name": "minecraft:bread",
            "functions": [
              {
                "function": "minecraft:set_count",
                "count": {
                  "min": 3,
                  "max": 6
                }
              }
            ],
            "conditions": [
              {
                "condition": "minecraft:entity_properties",
                "entity": "this",
                "predicate": {
                  "nbt": "{Tags:[\"ca.resupply_med_food\"]}"
                }
              }
            ]
          },
          {
            "type": "minecraft:item",
            "name": "minecraft:dried_kelp_block",
            "functions": [
              {
                "function": "minecraft:set_count",
                "count": 1
              }
            ],
            "conditions": [
              {
                "condition": "minecraft:entity_properties",
                "entity": "this",
                "predicate": {
                  "nbt": "{Tags:[\"ca.resupply_low_food\"]}"
                }
              }
            ]
          },
          {
            "type": "minecraft:item",
            "name": "minecraft:black_stained_glass",
            "functions": [
              {
                "function": "minecraft:set_count",
                "count": {
                  "min": 8,
                  "max": 16
                }
              }
            ],
            "conditions": [
              {
                "condition": "minecraft:entity_properties",
                "entity": "this",
                "predicate": {
                  "nbt": "{Tags:[\"ca.resupply_glass\"]}"
                }
              }
            ]
          },
          {
            "type": "minecraft:item",
            "name": "minecraft:arrow",
            "functions": [
              {
                "function": "minecraft:set_count",
                "count": {
                  "min": 2,
                  "max": 4
                }
              }
            ],
            "conditions": [
              {
                "condition": "minecraft:entity_properties",
                "entity": "this",
                "predicate": {
                  "nbt": "{Tags:[\"ca.resupply_arrow\"]}"
                }
              }
            ]
          }
        ],
        "conditions": [
          {
            "condition": "minecraft:inverted",
            "term": {
              "condition": "minecraft:entity_scores",
              "entity": "this",
              "scores": {
                "ca.loot_table_rules": {
                  "min": 1,
                  "max": 1
                }
              }
            }
          }
        ]
      }
    ]
  }
  