[
        {
          "function": "minecraft:set_lore",
          "lore": [
            {
              "text": " "
            },
            {
              "text": "✎ Echo",
              "color": "#ACFFA6",
              "bold": false,
              "italic": false,
              "underlined": false,
              "strikethrough": false,
              "obfuscated": false
            },
            {
              "text": "This weapon stores charges when you kill",
              "color": "#FFF4D9",
              "bold": false,
              "italic": false,
              "underlined": false,
              "strikethrough": false,
              "obfuscated": false
            },
            {
                "text": "enemies. Attacking consumes a charge and",
                "color": "#FFF4D9",
                "bold": false,
                "italic": false,
                "underlined": false,
                "strikethrough": false,
                "obfuscated": false
              },
              {
                "text": "gives you no attack cooldown for that attack.",
                "color": "#FFF4D9",
                "bold": false,
                "italic": false,
                "underlined": false,
                "strikethrough": false,
                "obfuscated": false
              }
          ]
        }
      ]
      