[
        {
          "function": "minecraft:set_lore",
          "lore": [
            {
              "text": " "
            },
            {
              "text": "✎ First Strike",
              "color": "#ACFFA6",
              "bold": false,
              "italic": false,
              "underlined": false,
              "strikethrough": false,
              "obfuscated": false
            },
            {
              "text": "This melee weapon deals extra damage",
              "color": "#FFF4D9",
              "bold": false,
              "italic": false,
              "underlined": false,
              "strikethrough": false,
              "obfuscated": false
            },
            {
                "text": "to the first enemy hit that combat.",
                "color": "#FFF4D9",
                "bold": false,
                "italic": false,
                "underlined": false,
                "strikethrough": false,
                "obfuscated": false
              }
          ]
        }
      ]
      