[
  {
    "function": "minecraft:set_lore",
    "lore": [
      {
        "text": " "
      },
      {
        "text": "✎ Hex Eater",
        "color": "#ACFFA6",
        "bold": false,
        "italic": false,
        "underlined": false,
        "strikethrough": false,
        "obfuscated": false
      },
      {
        "text": "This melee weapon deals more",
        "color": "#FFF4D9",
        "bold": false,
        "italic": false,
        "underlined": false,
        "strikethrough": false,
        "obfuscated": false
      },
      {
          "text": "damage to debuffed enemies, but.",
          "color": "#FFF4D9",
          "bold": false,
          "italic": false,
          "underlined": false,
          "strikethrough": false,
          "obfuscated": false
        },
        {
            "text": "also cleanses debuffs from enemies.",
            "color": "#FFF4D9",
            "bold": false,
            "italic": false,
            "underlined": false,
            "strikethrough": false,
            "obfuscated": false
          }
    ]
  }
]
