{
    "criteria": {
        "found": {
            "trigger": "minecraft:player_killed_entity",
            "conditions": {
                "entity": {
                    "nbt": "{Tags:[\"ca.ambush\"]}"
                }
            }
        }
    },
    "display": {
        "title": {
            "translate": "ca.abilities.adv.ambush.title",
            "fallback": "Ambush                   ",
            "color": "white"
        },
        "description": {
            "translate": "ca.abilities.adv.ambush.desc",
            "fallback": "The enemy can teleport behind the player. They are briefly unable to attack after doing so.",
            "color": "white"
        },
        "icon": {
            "item": "minecraft:wither_skeleton_skull"
        },
        "frame": "task",
        "show_toast": true,
        "announce_to_chat": false,
        "hidden": true
    },
    "rewards": {
        "function": "cartographer_mob_abilities:descriptions/active/ambush"
    },
    "parent": "cartographer_mob_abilities:active/active_abilities"
}
