{
    "criteria": {
        "found": {
            "trigger": "minecraft:player_killed_entity",
            "conditions": {
                "entity": {
                    "nbt": "{Tags:[\"ca.augmenter\"]}"
                }
            }
        }
    },
    "display": {
        "title": {
            "translate": "ca.abilities.adv.augmenter.title",
            "fallback": "Augmenter                ",
            "color": "white"
        },
        "description": {
            "translate": "ca.abilities.adv.augmenter.desc",
            "fallback": "The enemy can charge up to buff damage of nearby mobs and apply their effects to them.",
            "color": "white"
        },
        "icon": {
            "item": "minecraft:lingering_potion"
        },
        "frame": "task",
        "show_toast": true,
        "announce_to_chat": false,
        "hidden": true
    },
    "rewards": {
        "function": "cartographer_mob_abilities:descriptions/active/augmenter"
    },
    "parent": "cartographer_mob_abilities:active/ambush"
}
