{
    "criteria": {
        "found": {
            "trigger": "minecraft:player_killed_entity",
            "conditions": {
                "entity": {
                    "nbt": "{Tags:[\"ca.barrage\"]}"
                }
            }
        }
    },
    "display": {
        "title": {
            "translate": "ca.abilities.adv.barrage.title",
            "fallback": "Barrage                  ",
            "color": "white"
        },
        "description": {
            "color": "white",
            "translate": "ca.abilities.adv.barrage.desc",
            "fallback": "The enemy rapidly shoots projectiles at the nearest player."
        },
        "icon": {
            "item": "minecraft:bow"
        },
        "frame": "task",
        "show_toast": true,
        "announce_to_chat": false,
        "hidden": true
    },
    "rewards": {
        "function": "cartographer_mob_abilities:descriptions/active/barrage"
    },
    "parent": "cartographer_mob_abilities:active/augmenter"
}
