{
    "criteria": {
        "found": {
            "trigger": "minecraft:player_killed_entity",
            "conditions": {
                "entity": {
                    "nbt": "{Tags:[\"ca.charge\"]}"
                }
            }
        }
    },
    "display": {
        "title": {
            "translate": "ca.abilities.adv.charge.title",
            "fallback": "Charge                   ",
            "color": "white"
        },
        "description": {
            "color": "white",
            "translate": "ca.abilities.adv.charge.desc",
            "fallback": "The enemy can quickly move (charge) in a straight line in the direction it is facing. Players standing in the path take damage."
        },
        "icon": {
            "item": "minecraft:wooden_axe"
        },
        "frame": "task",
        "show_toast": true,
        "announce_to_chat": false,
        "hidden": true
    },
    "rewards": {
        "function": "cartographer_mob_abilities:descriptions/active/charge"
    },
    "parent": "cartographer_mob_abilities:active/barrage"
}
