{
    "display": {
        "title": {
            "translate": "ca.abilities.adv.command.title",
            "fallback": "Command                  ",
            "color": "white"
        },
        "description": {
            "color": "white",
            "translate": "ca.abilities.adv.command.desc",
            "fallback": "The enemy bolsters nearby allies with various traits."
        },
        "icon": {
            "item": "minecraft:goat_horn"
        },
        "frame": "task",
        "show_toast": true,
        "announce_to_chat": false,
        "hidden": true
    },
    "criteria": {
        "found": {
            "trigger": "minecraft:player_killed_entity",
            "conditions": {
                "entity": {
                    "nbt": "{Tags:[\"ca.command\"]}"
                }
            }
        }
    },
    "rewards": {
        "function": "cartographer_mob_abilities:descriptions/active/command"
    },
    "parent": "cartographer_mob_abilities:active/charge"
}
