{
    "criteria": {
        "found": {
            "trigger": "minecraft:player_killed_entity",
            "conditions": {
                "entity": {
                    "nbt": "{Tags:[\"ca.duplicator\"]}"
                }
            }
        }
    },
    "display": {
        "title": {
            "translate": "ca.abilities.adv.duplicator.title",
            "fallback": "Duplicator               ",
            "color": "white"
        },
        "description": {
            "translate": "ca.abilities.adv.duplicator.desc",
            "fallback": "The enemy can create copies of itself. Copies have less health, vanish after time, and explode if killed.",
            "color": "white"
        },
        "icon": {
            "item": "minecraft:phantom_membrane"
        },
        "frame": "task",
        "show_toast": true,
        "announce_to_chat": false,
        "hidden": true
    },
    "rewards": {
        "function": "cartographer_mob_abilities:descriptions/active/duplicator"
    },
    "parent": "cartographer_mob_abilities:active/command"
}
