{
    "display": {
        "title": {
            "translate": "ca.abilities.adv.haunt.title",
            "fallback": "Haunt                    ",
            "color": "white"
        },
        "description": {
            "color": "white",
            "translate": "ca.abilities.adv.haunt.desc",
            "fallback": "The enemy creates an invulnerable spectre that chases players, damaging them if close."
        },
        "icon": {
            "item": "minecraft:bone"
        },
        "frame": "task",
        "show_toast": true,
        "announce_to_chat": false,
        "hidden": true
    },
    "criteria": {
        "found": {
            "trigger": "minecraft:player_killed_entity",
            "conditions": {
                "entity": {
                    "nbt": "{Tags:[\"ca.haunt\"]}"
                }
            }
        }
    },
    "rewards": {
        "function": "cartographer_mob_abilities:descriptions/active/haunt"
    },
    "parent": "cartographer_mob_abilities:active/duplicator"
}
