{
    "display": {
        "title": {
            "translate": "ca.abilities.adv.healer.title",
            "fallback": "Healer                   ",
            "color": "white"
        },
        "description": {
            "color": "white",
            "translate": "ca.abilities.adv.healer.desc",
            "fallback": "The enemy can charge up to heal other nearby enemies."
        },
        "icon": {
            "item": "minecraft:red_dye"
        },
        "frame": "task",
        "show_toast": true,
        "announce_to_chat": false,
        "hidden": true
    },
    "criteria": {
        "found": {
            "trigger": "minecraft:player_killed_entity",
            "conditions": {
                "entity": {
                    "nbt": "{Tags:[\"ca.healer\"]}"
                }
            }
        }
    },
    "rewards": {
        "function": "cartographer_mob_abilities:descriptions/active/healer"
    },
    "parent": "cartographer_mob_abilities:active/haunt"
}
