{
    "criteria": {
        "found": {
            "trigger": "minecraft:player_killed_entity",
            "conditions": {
                "entity": {
                    "nbt": "{Tags:[\"ca.infuser\"]}"
                }
            }
        }
    },
    "display": {
        "title": {
            "text": "Infuser                  ",
            "color": "white"
        },
        "description": {
            "text": "The enemy can charge up to buff nearby mobs, applying potion effects to them.",
            "color": "white"
        },
        "icon": {
            "item": "minecraft:potion"
        },
        "frame": "task",
        "show_toast": true,
        "announce_to_chat": false,
        "hidden": true
    },
    "rewards": {
        "function": "cartographer_mob_abilities:descriptions/active/infuser"
    },
    "parent": "cartographer_mob_abilities:active/hookshot"
}
