{
    "criteria": {
        "found": {
            "trigger": "minecraft:player_killed_entity",
            "conditions": {
                "entity": {
                    "nbt": "{Tags:[\"ca.nova\"]}"
                }
            }
        }
    },
    "display": {
        "title": {
            "translate": "ca.abilities.adv.nova.title",
            "fallback": "Nova Burst               ",
            "color": "white"
        },
        "description": {
            "translate": "ca.abilities.adv.nova.desc",
            "fallback": "The enemy can release a burst of magic energy around it, dealing damage to nearby players.",
            "color": "white"
        },
        "icon": {
            "item": "minecraft:blaze_powder"
        },
        "frame": "task",
        "show_toast": true,
        "announce_to_chat": false,
        "hidden": true
    },
    "rewards": {
        "function": "cartographer_mob_abilities:descriptions/active/nova"
    },
    "parent": "cartographer_mob_abilities:active/laser"
}
