{
    "criteria": {
        "found": {
            "trigger": "minecraft:player_killed_entity",
            "conditions": {
                "entity": {
                    "nbt": "{Tags:[\"ca.orbit\"]}"
                }
            }
        }
    },
    "display": {
        "title": {
            "translate": "ca.abilities.adv.orbit.title",
            "fallback": "Orbit                    ",
            "color": "white"
        },
        "description": {
            "translate": "ca.abilities.adv.orbit.desc",
            "fallback": "The enemy creates rotating orbs that orbit around it. Orbs deal damage to players that touch them.",
            "color": "white"
        },
        "icon": {
            "item": "minecraft:nether_star"
        },
        "frame": "task",
        "show_toast": true,
        "announce_to_chat": false,
        "hidden": true
    },
    "requirements": [
        [
            "found"
        ]
    ],
    "rewards": {
        "function": "cartographer_mob_abilities:descriptions/active/orbit"
    },
    "parent": "cartographer_mob_abilities:active/nova"
}
