{
    "display": {
        "title": {
            "translate": "ca.abilities.adv.quickdraw.title",
            "fallback": "Quickdraw                ",
            "color": "white"
        },
        "description": {
            "color": "white",
            "translate": "ca.abilities.adv.quickdraw.desc",
            "fallback": "The enemy can launch a surprise attack with a fast ranged attack."
        },
        "icon": {
            "item": "minecraft:crossbow"
        },
        "frame": "task",
        "show_toast": true,
        "announce_to_chat": false,
        "hidden": true
    },
    "criteria": {
        "found": {
            "trigger": "minecraft:player_killed_entity",
            "conditions": {
                "entity": {
                    "nbt": "{Tags:[\"ca.quickdraw\"]}"
                }
            }
        }
    },
    "rewards": {
        "function": "cartographer_mob_abilities:descriptions/active/quickdraw"
    },
    "parent": "cartographer_mob_abilities:active/orbit"
}
