{
    "criteria": {
        "found": {
            "trigger": "minecraft:player_killed_entity",
            "conditions": {
                "entity": {
                    "nbt": "{Tags:[\"ca.rift\"]}"
                }
            }
        }
    },
    "display": {
        "title": {
            "translate": "ca.abilities.adv.rift.title",
            "fallback": "Rift                     ",
            "color": "white"
        },
        "description": {
            "translate": "ca.abilities.adv.rift.desc",
            "fallback": "The enemy creates damaging shockwaves that travel away from it.",
            "color": "white"
        },
        "icon": {
            "item": "minecraft:netherite_pickaxe"
        },
        "frame": "task",
        "show_toast": true,
        "announce_to_chat": false,
        "hidden": true
    },
    "requirements": [
        [
            "found"
        ]
    ],
    "rewards": {
        "function": "cartographer_mob_abilities:descriptions/active/rift"
    },
    "parent": "cartographer_mob_abilities:active/reflect"
}
