{
    "criteria": {
        "normal": {
            "trigger": "minecraft:player_killed_entity",
            "conditions": {
              "entity": [
                {
                  "condition": "minecraft:entity_properties",
                  "entity": "this",
                  "predicate": {
                    "nbt": "{Tags:[\"ca.sidearm\"]}"
                  }
                }
              ]
            }
          },
          "after": {
            "trigger": "minecraft:player_killed_entity",
            "conditions": {
              "entity": [
                {
                  "condition": "minecraft:entity_properties",
                  "entity": "this",
                  "predicate": {
                    "nbt": "{Tags:[\"ca.sidearm_after\"]}"
                  }
                }
              ]
            }
          }
    },
    "display": {
        "title": {
            "translate": "ca.abilities.adv.sidearm.title",
            "fallback": "Sidearm                  ",
            "color": "white"
        },
        "description": {
            "color": "white",
            "translate": "ca.abilities.adv.sidearm.desc",
            "fallback": "The enemy quickly fires a weak projectile at the nearest player."
        },
        "icon": {
            "item": "minecraft:crossbow"
        },
        "frame": "task",
        "show_toast": true,
        "announce_to_chat": false,
        "hidden": true
    },
    "requirements": [
        [
          "normal",
          "after"
        ]
      ],
    "rewards": {
        "function": "cartographer_mob_abilities:descriptions/active/sidearm"
    },
    "parent": "cartographer_mob_abilities:active/rift"
}
