{
    "display": {
        "title": {
            "translate": "ca.abilities.adv.smash.title",
            "fallback": "Smash                    ",
            "color": "white"
        },
        "description": {
            "color": "white",
            "translate": "ca.abilities.adv.smash.desc",
            "fallback": "The enemy can leap into the air. When it lands, it smashes the ground in front of it, hurting players hit."
        },
        "icon": {
            "item": "minecraft:iron_shovel"
        },
        "frame": "task",
        "show_toast": true,
        "announce_to_chat": false,
        "hidden": true
    },
    "criteria": {
        "found": {
            "trigger": "minecraft:player_killed_entity",
            "conditions": {
                "entity": {
                    "nbt": "{Tags:[\"ca.smash\"]}"
                }
            }
        }
    },
    "rewards": {
        "function": "cartographer_mob_abilities:descriptions/active/smash"
    },
    "parent": "cartographer_mob_abilities:active/sidearm"
}
