{
    "criteria": {
        "found": {
            "trigger": "minecraft:player_killed_entity",
            "conditions": {
                "entity": {
                    "nbt": "{Tags:[\"ca.sniper_shot\"]}"
                }
            }
        }
    },
    "display": {
        "title": {
            "translate": "ca.abilities.adv.sniper_shot.title",
            "fallback": "Sniper Shot              ",
            "color": "white"
        },
        "description": {
            "translate": "ca.abilities.adv.sniper_shot.desc",
            "fallback": "The enemy takes aim, then fires a single but accurate projectile towards the player.",
            "color": "white"
        },
        "icon": {
            "item": "minecraft:target"
        },
        "frame": "task",
        "show_toast": true,
        "announce_to_chat": false,
        "hidden": true
    },
    "rewards": {
        "function": "cartographer_mob_abilities:descriptions/active/sniper_shot"
    },
    "parent": "cartographer_mob_abilities:active/smash"
}
