{
    "criteria": {
        "found": {
            "trigger": "minecraft:player_killed_entity",
            "conditions": {
                "entity": {
                    "nbt": "{Tags:[\"ca.spin_shot\"]}"
                }
            }
        }
    },
    "display": {
        "title": {
            "translate": "ca.abilities.adv.spin_shot.title",
            "fallback": "Spin Shot                ",
            "color": "white"
        },
        "description": {
            "translate": "ca.abilities.adv.spin_shot.desc",
            "fallback": "The enemy charges up and fires 16 projectiles around it in a circle.",
            "color": "white"
        },
        "icon": {
            "item": "minecraft:bow"
        },
        "frame": "task",
        "show_toast": true,
        "announce_to_chat": false,
        "hidden": true
    },
    "rewards": {
        "function": "cartographer_mob_abilities:descriptions/active/spin_shot"
    },
    "parent": "cartographer_mob_abilities:active/sniper_shot"
}
