{
    "display": {
        "title": {
            "translate": "ca.abilities.adv.storm.title",
            "fallback": "Storm                    ",
            "color": "white"
        },
        "description": {
            "color": "white",
            "translate": "ca.abilities.adv.storm.desc",
            "fallback": "The enemy summons mini-lightning strikes around nearby players or itself."
        },
        "icon": {
            "item": "minecraft:lightning_rod"
        },
        "frame": "task",
        "show_toast": true,
        "announce_to_chat": false,
        "hidden": true
    },
    "criteria": {
        "found": {
            "trigger": "minecraft:player_killed_entity",
            "conditions": {
                "entity": {
                    "nbt": "{Tags:[\"ca.storm\"]}"
                }
            }
        }
    },
    "rewards": {
        "function": "cartographer_mob_abilities:descriptions/active/storm"
    },
    "parent": "cartographer_mob_abilities:active/spin_shot"
}
