{
    "criteria": {
        "found": {
            "trigger": "minecraft:player_killed_entity",
            "conditions": {
                "entity": {
                    "nbt": "{Tags:[\"ca.summoner\"]}"
                }
            }
        }
    },
    "display": {
        "title": {
            "translate": "ca.abilities.adv.summoner.title",
            "fallback": "Summoner                 ",
            "color": "white"
        },
        "description": {
            "color": "white",
            "translate": "ca.abilities.adv.summoner.desc",
            "fallback": "The enemy can summon one to three mobs."
        },
        "icon": {
            "item": "minecraft:vex_spawn_egg"
        },
        "frame": "task",
        "show_toast": true,
        "announce_to_chat": false,
        "hidden": true
    },
    "rewards": {
        "function": "cartographer_mob_abilities:descriptions/active/summoner"
    },
    "parent": "cartographer_mob_abilities:active/storm"
}
