{
    "criteria": {
        "found": {
            "trigger": "minecraft:player_killed_entity",
            "conditions": {
                "entity": {
                    "nbt": "{Tags:[\"ca.sweep\"]}"
                }
            }
        }
    },
    "display": {
        "title": {
            "translate": "ca.abilities.adv.sweep.title",
            "fallback": "Sweep                    ",
            "color": "white"
        },
        "description": {
            "color": "white",
            "translate": "ca.abilities.adv.sweep.desc",
            "fallback": "The enemy can slice in a cone in front of it, hurting players."
        },
        "icon": {
            "item": "minecraft:iron_sword"
        },
        "frame": "task",
        "show_toast": true,
        "announce_to_chat": false,
        "hidden": true
    },
    "rewards": {
        "function": "cartographer_mob_abilities:descriptions/active/sweep"
    },
    "parent": "cartographer_mob_abilities:active/summoner"
}
