{
    "criteria": {
        "found": {
            "trigger": "minecraft:player_killed_entity",
            "conditions": {
                "entity": {
                    "nbt": "{Tags:[\"ca.volley\"]}"
                }
            }
        }
    },
    "display": {
        "title": {
            "translate": "ca.abilities.adv.volley.title",
            "fallback": "Volley                   ",
            "color": "white"
        },
        "description": {
            "translate": "ca.abilities.adv.volley.desc",
            "fallback": "The enemy charges up and throws a cone of projectiles at the player.",
            "color": "white"
        },
        "icon": {
            "item": "minecraft:bow"
        },
        "frame": "task",
        "show_toast": true,
        "announce_to_chat": false,
        "hidden": true
    },
    "rewards": {
        "function": "cartographer_mob_abilities:descriptions/active/volley"
    },
    "parent": "cartographer_mob_abilities:active/sweep"
}
