[
        {
          "function": "minecraft:set_lore",
          "lore": [
            {
              "text": " "
            },
            {
              "text": "✎ Evasion",
              "color": "#ACFFA6",
              "bold": false,
              "italic": false,
              "underlined": false,
              "strikethrough": false,
              "obfuscated": false
            },
            {
              "text": "Grants a small chance per level to dodge",
              "color": "#FFF4D9",
              "bold": false,
              "italic": false,
              "underlined": false,
              "strikethrough": false,
              "obfuscated": false
            },
            {
                "text": "an attack, negating it entirely. When you",
                "color": "#FFF4D9",
                "bold": false,
                "italic": false,
                "underlined": false,
                "strikethrough": false,
                "obfuscated": false
              },
            {
                "text": "dodge, temporarily blind nearby enemies.",
                "color": "#FFF4D9",
                "bold": false,
                "italic": false,
                "underlined": false,
                "strikethrough": false,
                "obfuscated": false
              }
          ]
        }
      ]
      