[
        {
          "function": "minecraft:set_lore",
          "lore": [
            {
              "text": " "
            },
            {
              "text": "✎ Rally",
              "color": "#ACFFA6",
              "bold": false,
              "italic": false,
              "underlined": false,
              "strikethrough": false,
              "obfuscated": false
            },
            {
              "text": "For a short time after taking damage",
              "color": "#FFF4D9",
              "bold": false,
              "italic": false,
              "underlined": false,
              "strikethrough": false,
              "obfuscated": false
            },
            {
                "text": "melee attacks do more damage, and can",
                "color": "#FFF4D9",
                "bold": false,
                "italic": false,
                "underlined": false,
                "strikethrough": false,
                "obfuscated": false
              },
            {
                "text": "restore a portion of the lost health.",
                "color": "#FFF4D9",
                "bold": false,
                "italic": false,
                "underlined": false,
                "strikethrough": false,
                "obfuscated": false
              }
          ]
        }
      ]
      