[
        {
          "function": "minecraft:set_lore",
          "lore": [
            {
              "text": " "
            },
            {
              "text": "✎ Fleetfoot",
              "color": "#ACFFA6",
              "bold": false,
              "italic": false,
              "underlined": false,
              "strikethrough": false,
              "obfuscated": false
            },
            {
              "text": "While being charged, the user",
              "color": "#FFF4D9",
              "bold": false,
              "italic": false,
              "underlined": false,
              "strikethrough": false,
              "obfuscated": false
            },
            {
                "text": "can move at normal walk speed.",
                "color": "#FFF4D9",
                "bold": false,
                "italic": false,
                "underlined": false,
                "strikethrough": false,
                "obfuscated": false
              }
          ]
        }
      ]
      