{
    "display": {
        "title": {
            "translate": "ca.abilities.adv.tree_traits.title",
            "fallback": "Traits                   ",
            "color": "yellow"
        },
        "description": {
            "translate": "ca.abilities.adv.tree_traits.desc",
            "fallback": "Modifiers which are applied to other mob abilities.",
            "color": "white"
        },
        "icon": {
            "item": "minecraft:netherite_scrap"
        },
        "frame": "goal",
        "show_toast": false,
        "announce_to_chat": false,
        "hidden": false
    },
    "criteria": {
        "tick": {
            "trigger": "minecraft:tick"
        }
    },
    "parent": "cartographer_mob_abilities:root"
}
