{
  "pools": [
    {
      "rolls": 1,
      "entries": [
        {
          "type": "minecraft:item",
          "name": "minecraft:player_head",
          "functions": [
            {
              "function": "minecraft:set_nbt",
              "tag": "{display:{Name:'{\"text\":\"Compressed Mob Essence\",\"color\":\"dark_aqua\",\"italic\":false}',Lore:['{\"text\":\"Can be converted into a variety\",\"color\":\"gray\",\"italic\":false}','{\"text\":\"of useful consumables via\",\"color\":\"gray\",\"italic\":false}','{\"text\":\"an Essence Vendor trader.\",\"color\":\"gray\",\"italic\":false}','[{\"text\":\"Equal to 8 \",\"color\":\"gray\",\"italic\":false},{\"text\":\"Mob Essence\",\"color\":\"dark_aqua\",\"italic\":false},{\"text\":\".\",\"color\":\"gray\",\"italic\":false}]']},HideFlags:1,Enchantments:[{id:\"minecraft:mending\",lvl:1s}],SkullOwner:{Id:[I;-1454960145,263799667,-1517564240,-399223796],Properties:{textures:[{Value:\"eyJ0ZXh0dXJlcyI6eyJTS0lOIjp7InVybCI6Imh0dHA6Ly90ZXh0dXJlcy5taW5lY3JhZnQubmV0L3RleHR1cmUvODE3YWE5MmQyNDIzMzQ0NDNlZDQ5Zjg3MGFiNTZmYmU1NDIzMjJlYTA0NzNhOTFhMzNhNmY4MzAyZDU1YmY1ZSJ9fX0=\"}]}}}"
            }
          ]
        }
      ]
    }
  ]
}
