{
  "pools": [
    {
      "rolls": 1,
      "entries": [
        {
          "type": "minecraft:item",
          "name": "minecraft:player_head",
          "functions": [
            {
              "function": "minecraft:set_nbt",
              "tag": "{display:{Name:'{\"text\":\"Mob Essence\",\"color\":\"dark_aqua\",\"italic\":false}',Lore:['{\"text\":\"Can be converted into a variety\",\"color\":\"gray\",\"italic\":false}','{\"text\":\"of useful consumables via\",\"color\":\"gray\",\"italic\":false}','{\"text\":\"an Essence Vendor trader.\",\"color\":\"gray\",\"italic\":false}']},HideFlags:1,Enchantments:[{id:\"minecraft:mending\",lvl:1s}],SkullOwner:{Id:[I;1927509704,-492089604,-1707993161,-498451464],Properties:{textures:[{Value:\"eyJ0ZXh0dXJlcyI6eyJTS0lOIjp7InVybCI6Imh0dHA6Ly90ZXh0dXJlcy5taW5lY3JhZnQubmV0L3RleHR1cmUvYjUyMjljMzQ4NTRhNzI2MTg1ZTg0YzcwMzQ0MGU2ZGMzNDA3NDc1NDA3YWRhNWYxYjI3YmIyYzExNTZlYWMyZSJ9fX0=\"}]}}}"
            }
          ]
        }
      ]
    }
  ]
}
