{
	"criteria": {
		"entity": {"trigger": "minecraft:player_hurt_entity"},
		
		"tagless": {"trigger": "minecraft:player_hurt_entity", "conditions": {"damage": {"type": {"tags":[{"expected": false,"id": "always_hurts_ender_dragons"},{"expected": false,"id": "always_most_significant_fall"},{"expected": false,"id": "always_triggers_silverfish"},{"expected": false,"id": "avoids_guardian_thorns"},{"expected": false,"id": "burns_armor_stands"},{"expected": false,"id": "bypasses_armor"},{"expected": false,"id": "bypasses_effects"},{"expected": false,"id": "bypasses_enchantments"},{"expected": false,"id": "bypasses_invulnerability"},{"expected": false,"id": "bypasses_resistance"},{"expected": false,"id": "bypasses_shield"},{"expected": false,"id": "damages_helmet"},{"expected": false,"id": "ignites_armor_stands"},{"expected": false,"id": "is_drowning"},{"expected": false,"id": "is_explosion"},{"expected": false,"id": "is_fall"},{"expected": false,"id": "is_fire"},{"expected": false,"id": "is_freezing"},{"expected": false,"id": "is_lightning"},{"expected": false,"id": "is_projectile"},{"expected": false,"id": "no_anger"},{"expected": false,"id": "no_impact"},{"expected": false,"id": "witch_resistant_to"},{"expected": false,"id": "wither_immune_to"}]}}}},
		
		"always_hurts_ender_dragons": {"trigger": "minecraft:player_hurt_entity", "conditions": {"damage": {"type": {"tags": [{"expected": true,"id": "always_hurts_ender_dragons"}]}}}},
		"always_most_significant_fall": {"trigger": "minecraft:player_hurt_entity", "conditions": {"damage": {"type": {"tags": [{"expected": true,"id": "always_most_significant_fall"}]}}}},
		"always_triggers_silverfish": {"trigger": "minecraft:player_hurt_entity", "conditions": {"damage": {"type": {"tags": [{"expected": true,"id": "always_triggers_silverfish"}]}}}},
		"avoids_guardian_thorns": {"trigger": "minecraft:player_hurt_entity", "conditions": {"damage": {"type": {"tags": [{"expected": true,"id": "avoids_guardian_thorns"}]}}}},
		"burns_armor_stands": {"trigger": "minecraft:player_hurt_entity", "conditions": {"damage": {"type": {"tags": [{"expected": true,"id": "burns_armor_stands"}]}}}},
		"bypasses_armor": {"trigger": "minecraft:player_hurt_entity", "conditions": {"damage": {"type": {"tags": [{"expected": true,"id": "bypasses_armor"}]}}}},
		"bypasses_effects": {"trigger": "minecraft:player_hurt_entity", "conditions": {"damage": {"type": {"tags": [{"expected": true,"id": "bypasses_effects"}]}}}},
		"bypasses_enchantments": {"trigger": "minecraft:player_hurt_entity", "conditions": {"damage": {"type": {"tags": [{"expected": true,"id": "bypasses_enchantments"}]}}}},
		"bypasses_invulnerability": {"trigger": "minecraft:player_hurt_entity", "conditions": {"damage": {"type": {"tags": [{"expected": true,"id": "bypasses_invulnerability"}]}}}},
		"bypasses_resistance": {"trigger": "minecraft:player_hurt_entity", "conditions": {"damage": {"type": {"tags": [{"expected": true,"id": "bypasses_resistance"}]}}}},
		"bypasses_shield": {"trigger": "minecraft:player_hurt_entity", "conditions": {"damage": {"type": {"tags": [{"expected": true,"id": "bypasses_shield"}]}}}},
		"damages_helmet": {"trigger": "minecraft:player_hurt_entity", "conditions": {"damage": {"type": {"tags": [{"expected": true,"id": "damages_helmet"}]}}}},
		"ignites_armor_stands": {"trigger": "minecraft:player_hurt_entity", "conditions": {"damage": {"type": {"tags": [{"expected": true,"id": "ignites_armor_stands"}]}}}},
		"is_drowning": {"trigger": "minecraft:player_hurt_entity", "conditions": {"damage": {"type": {"tags": [{"expected": true,"id": "is_drowning"}]}}}},
		"is_explosion": {"trigger": "minecraft:player_hurt_entity", "conditions": {"damage": {"type": {"tags": [{"expected": true,"id": "is_explosion"}]}}}},
		"is_fall": {"trigger": "minecraft:player_hurt_entity", "conditions": {"damage": {"type": {"tags": [{"expected": true,"id": "is_fall"}]}}}},
		"is_fire": {"trigger": "minecraft:player_hurt_entity", "conditions": {"damage": {"type": {"tags": [{"expected": true,"id": "is_fire"}]}}}},
		"is_freezing": {"trigger": "minecraft:player_hurt_entity", "conditions": {"damage": {"type": {"tags": [{"expected": true,"id": "is_freezing"}]}}}},
		"is_lightning": {"trigger": "minecraft:player_hurt_entity", "conditions": {"damage": {"type": {"tags": [{"expected": true,"id": "is_lightning"}]}}}},
		"is_projectile": {"trigger": "minecraft:player_hurt_entity", "conditions": {"damage": {"type": {"tags": [{"expected": true,"id": "is_projectile"}]}}}},
		"no_anger": {"trigger": "minecraft:player_hurt_entity", "conditions": {"damage": {"type": {"tags": [{"expected": true,"id": "no_anger"}]}}}},
		"no_impact": {"trigger": "minecraft:player_hurt_entity", "conditions": {"damage": {"type": {"tags": [{"expected": true,"id": "no_impact"}]}}}},
		"witch_resistant_to": {"trigger": "minecraft:player_hurt_entity", "conditions": {"damage": {"type": {"tags": [{"expected": true,"id": "witch_resistant_to"}]}}}},
		"wither_immune_to": {"trigger": "minecraft:player_hurt_entity", "conditions": {"damage": {"type": {"tags": [{"expected": true,"id": "wither_immune_to"}]}}}},

		"bit0":{"trigger": "minecraft:player_hurt_entity", "conditions": {"entity": [{"condition": "minecraft:entity_properties", "entity": "this", "predicate": {"nbt": "{Tags:[entityid.0.1]}"}}]}},"bit1":{"trigger": "minecraft:player_hurt_entity", "conditions": {"entity": [{"condition": "minecraft:entity_properties", "entity": "this", "predicate": {"nbt": "{Tags:[entityid.1.1]}"}}]}},"bit2":{"trigger": "minecraft:player_hurt_entity", "conditions": {"entity": [{"condition": "minecraft:entity_properties", "entity": "this", "predicate": {"nbt": "{Tags:[entityid.2.1]}"}}]}},"bit3":{"trigger": "minecraft:player_hurt_entity", "conditions": {"entity": [{"condition": "minecraft:entity_properties", "entity": "this", "predicate": {"nbt": "{Tags:[entityid.3.1]}"}}]}},"bit4":{"trigger": "minecraft:player_hurt_entity", "conditions": {"entity": [{"condition": "minecraft:entity_properties", "entity": "this", "predicate": {"nbt": "{Tags:[entityid.4.1]}"}}]}},"bit5":{"trigger": "minecraft:player_hurt_entity", "conditions": {"entity": [{"condition": "minecraft:entity_properties", "entity": "this", "predicate": {"nbt": "{Tags:[entityid.5.1]}"}}]}},"bit6":{"trigger": "minecraft:player_hurt_entity", "conditions": {"entity": [{"condition": "minecraft:entity_properties", "entity": "this", "predicate": {"nbt": "{Tags:[entityid.6.1]}"}}]}},"bit7":{"trigger": "minecraft:player_hurt_entity", "conditions": {"entity": [{"condition": "minecraft:entity_properties", "entity": "this", "predicate": {"nbt": "{Tags:[entityid.7.1]}"}}]}},"bit8":{"trigger": "minecraft:player_hurt_entity", "conditions": {"entity": [{"condition": "minecraft:entity_properties", "entity": "this", "predicate": {"nbt": "{Tags:[entityid.8.1]}"}}]}},"bit9":{"trigger": "minecraft:player_hurt_entity", "conditions": {"entity": [{"condition": "minecraft:entity_properties", "entity": "this", "predicate": {"nbt": "{Tags:[entityid.9.1]}"}}]}},"bit10":{"trigger": "minecraft:player_hurt_entity", "conditions": {"entity": [{"condition": "minecraft:entity_properties", "entity": "this", "predicate": {"nbt": "{Tags:[entityid.10.1]}"}}]}},"bit11":{"trigger": "minecraft:player_hurt_entity", "conditions": {"entity": [{"condition": "minecraft:entity_properties", "entity": "this", "predicate": {"nbt": "{Tags:[entityid.11.1]}"}}]}},"bit12":{"trigger": "minecraft:player_hurt_entity", "conditions": {"entity": [{"condition": "minecraft:entity_properties", "entity": "this", "predicate": {"nbt": "{Tags:[entityid.12.1]}"}}]}},"bit13":{"trigger": "minecraft:player_hurt_entity", "conditions": {"entity": [{"condition": "minecraft:entity_properties", "entity": "this", "predicate": {"nbt": "{Tags:[entityid.13.1]}"}}]}},"bit14":{"trigger": "minecraft:player_hurt_entity", "conditions": {"entity": [{"condition": "minecraft:entity_properties", "entity": "this", "predicate": {"nbt": "{Tags:[entityid.14.1]}"}}]}},"bit15":{"trigger": "minecraft:player_hurt_entity", "conditions": {"entity": [{"condition": "minecraft:entity_properties", "entity": "this", "predicate": {"nbt": "{Tags:[entityid.15.1]}"}}]}},"!bit0":{"trigger": "minecraft:player_hurt_entity", "conditions": {"entity": [{"condition": "minecraft:entity_properties", "entity": "this", "predicate": {"nbt": "{Tags:[entityid.0.0]}"}}]}},"!bit1":{"trigger": "minecraft:player_hurt_entity", "conditions": {"entity": [{"condition": "minecraft:entity_properties", "entity": "this", "predicate": {"nbt": "{Tags:[entityid.1.0]}"}}]}},"!bit2":{"trigger": "minecraft:player_hurt_entity", "conditions": {"entity": [{"condition": "minecraft:entity_properties", "entity": "this", "predicate": {"nbt": "{Tags:[entityid.2.0]}"}}]}},"!bit3":{"trigger": "minecraft:player_hurt_entity", "conditions": {"entity": [{"condition": "minecraft:entity_properties", "entity": "this", "predicate": {"nbt": "{Tags:[entityid.3.0]}"}}]}},"!bit4":{"trigger": "minecraft:player_hurt_entity", "conditions": {"entity": [{"condition": "minecraft:entity_properties", "entity": "this", "predicate": {"nbt": "{Tags:[entityid.4.0]}"}}]}},"!bit5":{"trigger": "minecraft:player_hurt_entity", "conditions": {"entity": [{"condition": "minecraft:entity_properties", "entity": "this", "predicate": {"nbt": "{Tags:[entityid.5.0]}"}}]}},"!bit6":{"trigger": "minecraft:player_hurt_entity", "conditions": {"entity": [{"condition": "minecraft:entity_properties", "entity": "this", "predicate": {"nbt": "{Tags:[entityid.6.0]}"}}]}},"!bit7":{"trigger": "minecraft:player_hurt_entity", "conditions": {"entity": [{"condition": "minecraft:entity_properties", "entity": "this", "predicate": {"nbt": "{Tags:[entityid.7.0]}"}}]}},"!bit8":{"trigger": "minecraft:player_hurt_entity", "conditions": {"entity": [{"condition": "minecraft:entity_properties", "entity": "this", "predicate": {"nbt": "{Tags:[entityid.8.0]}"}}]}},"!bit9":{"trigger": "minecraft:player_hurt_entity", "conditions": {"entity": [{"condition": "minecraft:entity_properties", "entity": "this", "predicate": {"nbt": "{Tags:[entityid.9.0]}"}}]}},"!bit10":{"trigger": "minecraft:player_hurt_entity", "conditions": {"entity": [{"condition": "minecraft:entity_properties", "entity": "this", "predicate": {"nbt": "{Tags:[entityid.10.0]}"}}]}},"!bit11":{"trigger": "minecraft:player_hurt_entity", "conditions": {"entity": [{"condition": "minecraft:entity_properties", "entity": "this", "predicate": {"nbt": "{Tags:[entityid.11.0]}"}}]}},"!bit12":{"trigger": "minecraft:player_hurt_entity", "conditions": {"entity": [{"condition": "minecraft:entity_properties", "entity": "this", "predicate": {"nbt": "{Tags:[entityid.12.0]}"}}]}},"!bit13":{"trigger": "minecraft:player_hurt_entity", "conditions": {"entity": [{"condition": "minecraft:entity_properties", "entity": "this", "predicate": {"nbt": "{Tags:[entityid.13.0]}"}}]}},"!bit14":{"trigger": "minecraft:player_hurt_entity", "conditions": {"entity": [{"condition": "minecraft:entity_properties", "entity": "this", "predicate": {"nbt": "{Tags:[entityid.14.0]}"}}]}},"!bit15":{"trigger": "minecraft:player_hurt_entity", "conditions": {"entity": [{"condition": "minecraft:entity_properties", "entity": "this", "predicate": {"nbt": "{Tags:[entityid.15.0]}"}}]}}
	},
	"requirements": [
		[ "entity" ],
		[ "tagless", "always_hurts_ender_dragons", "always_most_significant_fall", "always_triggers_silverfish", "avoids_guardian_thorns", "burns_armor_stands", "bypasses_armor", "bypasses_effects", "bypasses_enchantments", "bypasses_invulnerability", "bypasses_resistance", "bypasses_shield", "damages_helmet", "ignites_armor_stands", "is_drowning", "is_explosion", "is_fall", "is_fire", "is_freezing", "is_lightning", "is_projectile", "no_anger", "no_impact", "witch_resistant_to", "wither_immune_to" ],
		[ "bit0", "!bit0" ],
		[ "bit1", "!bit1" ],
		[ "bit2", "!bit2" ],
		[ "bit3", "!bit3" ],
		[ "bit4", "!bit4" ],
		[ "bit5", "!bit5" ],
		[ "bit6", "!bit6" ],
		[ "bit7", "!bit7" ],
		[ "bit8", "!bit8" ],
		[ "bit9", "!bit9" ],
		[ "bit10", "!bit10" ],
		[ "bit11", "!bit11" ],
		[ "bit12", "!bit12" ],
		[ "bit13", "!bit13" ],
		[ "bit14", "!bit14" ],
		[ "bit15", "!bit15" ]
	],
	"rewards": {
		"function": "entityid:player_hurt_entity"
	}
}