{
	"criteria": {
		"entity": {"trigger": "minecraft:player_killed_entity"},
		
		"tagless": {"trigger": "minecraft:player_killed_entity", "conditions": {"killing_blow": {"type": {"tags":[{"expected": false,"id": "always_hurts_ender_dragons"},{"expected": false,"id": "always_most_significant_fall"},{"expected": false,"id": "always_triggers_silverfish"},{"expected": false,"id": "avoids_guardian_thorns"},{"expected": false,"id": "burns_armor_stands"},{"expected": false,"id": "bypasses_armor"},{"expected": false,"id": "bypasses_effects"},{"expected": false,"id": "bypasses_enchantments"},{"expected": false,"id": "bypasses_invulnerability"},{"expected": false,"id": "bypasses_resistance"},{"expected": false,"id": "bypasses_shield"},{"expected": false,"id": "damages_helmet"},{"expected": false,"id": "ignites_armor_stands"},{"expected": false,"id": "is_drowning"},{"expected": false,"id": "is_explosion"},{"expected": false,"id": "is_fall"},{"expected": false,"id": "is_fire"},{"expected": false,"id": "is_freezing"},{"expected": false,"id": "is_lightning"},{"expected": false,"id": "is_projectile"},{"expected": false,"id": "no_anger"},{"expected": false,"id": "no_impact"},{"expected": false,"id": "witch_resistant_to"},{"expected": false,"id": "wither_immune_to"}]}}}},
		"always_hurts_ender_dragons": {"trigger": "minecraft:player_killed_entity", "conditions": {"killing_blow": {"type": {"tags": [{"expected": true,"id": "always_hurts_ender_dragons"}]}}}},
		"always_most_significant_fall": {"trigger": "minecraft:player_killed_entity", "conditions": {"killing_blow": {"type": {"tags": [{"expected": true,"id": "always_most_significant_fall"}]}}}},
		"always_triggers_silverfish": {"trigger": "minecraft:player_killed_entity", "conditions": {"killing_blow": {"type": {"tags": [{"expected": true,"id": "always_triggers_silverfish"}]}}}},
		"avoids_guardian_thorns": {"trigger": "minecraft:player_killed_entity", "conditions": {"killing_blow": {"type": {"tags": [{"expected": true,"id": "avoids_guardian_thorns"}]}}}},
		"burns_armor_stands": {"trigger": "minecraft:player_killed_entity", "conditions": {"killing_blow": {"type": {"tags": [{"expected": true,"id": "burns_armor_stands"}]}}}},
		"bypasses_armor": {"trigger": "minecraft:player_killed_entity", "conditions": {"killing_blow": {"type": {"tags": [{"expected": true,"id": "bypasses_armor"}]}}}},
		"bypasses_effects": {"trigger": "minecraft:player_killed_entity", "conditions": {"killing_blow": {"type": {"tags": [{"expected": true,"id": "bypasses_effects"}]}}}},
		"bypasses_enchantments": {"trigger": "minecraft:player_killed_entity", "conditions": {"killing_blow": {"type": {"tags": [{"expected": true,"id": "bypasses_enchantments"}]}}}},
		"bypasses_invulnerability": {"trigger": "minecraft:player_killed_entity", "conditions": {"killing_blow": {"type": {"tags": [{"expected": true,"id": "bypasses_invulnerability"}]}}}},
		"bypasses_resistance": {"trigger": "minecraft:player_killed_entity", "conditions": {"killing_blow": {"type": {"tags": [{"expected": true,"id": "bypasses_resistance"}]}}}},
		"bypasses_shield": {"trigger": "minecraft:player_killed_entity", "conditions": {"killing_blow": {"type": {"tags": [{"expected": true,"id": "bypasses_shield"}]}}}},
		"damages_helmet": {"trigger": "minecraft:player_killed_entity", "conditions": {"killing_blow": {"type": {"tags": [{"expected": true,"id": "damages_helmet"}]}}}},
		"ignites_armor_stands": {"trigger": "minecraft:player_killed_entity", "conditions": {"killing_blow": {"type": {"tags": [{"expected": true,"id": "ignites_armor_stands"}]}}}},
		"is_drowning": {"trigger": "minecraft:player_killed_entity", "conditions": {"killing_blow": {"type": {"tags": [{"expected": true,"id": "is_drowning"}]}}}},
		"is_explosion": {"trigger": "minecraft:player_killed_entity", "conditions": {"killing_blow": {"type": {"tags": [{"expected": true,"id": "is_explosion"}]}}}},
		"is_fall": {"trigger": "minecraft:player_killed_entity", "conditions": {"killing_blow": {"type": {"tags": [{"expected": true,"id": "is_fall"}]}}}},
		"is_fire": {"trigger": "minecraft:player_killed_entity", "conditions": {"killing_blow": {"type": {"tags": [{"expected": true,"id": "is_fire"}]}}}},
		"is_freezing": {"trigger": "minecraft:player_killed_entity", "conditions": {"killing_blow": {"type": {"tags": [{"expected": true,"id": "is_freezing"}]}}}},
		"is_lightning": {"trigger": "minecraft:player_killed_entity", "conditions": {"killing_blow": {"type": {"tags": [{"expected": true,"id": "is_lightning"}]}}}},
		"is_projectile": {"trigger": "minecraft:player_killed_entity", "conditions": {"killing_blow": {"type": {"tags": [{"expected": true,"id": "is_projectile"}]}}}},
		"no_anger": {"trigger": "minecraft:player_killed_entity", "conditions": {"killing_blow": {"type": {"tags": [{"expected": true,"id": "no_anger"}]}}}},
		"no_impact": {"trigger": "minecraft:player_killed_entity", "conditions": {"killing_blow": {"type": {"tags": [{"expected": true,"id": "no_impact"}]}}}},
		"witch_resistant_to": {"trigger": "minecraft:player_killed_entity", "conditions": {"killing_blow": {"type": {"tags": [{"expected": true,"id": "witch_resistant_to"}]}}}},
		"wither_immune_to": {"trigger": "minecraft:player_killed_entity", "conditions": {"killing_blow": {"type": {"tags": [{"expected": true,"id": "wither_immune_to"}]}}}},
		
		"allay": {"trigger": "minecraft:player_killed_entity","conditions": {"entity": [{"condition": "minecraft:entity_properties","entity": "this","predicate": {"type": "minecraft:allay"}}]}},
		"axolotl": {"trigger": "minecraft:player_killed_entity","conditions": {"entity": [{"condition": "minecraft:entity_properties","entity": "this","predicate": {"type": "minecraft:axolotl"}}]}},
		"bat": {"trigger": "minecraft:player_killed_entity","conditions": {"entity": [{"condition": "minecraft:entity_properties","entity": "this","predicate": {"type": "minecraft:bat"}}]}},
		"bee": {"trigger": "minecraft:player_killed_entity","conditions": {"entity": [{"condition": "minecraft:entity_properties","entity": "this","predicate": {"type": "minecraft:bee"}}]}},
		"blaze": {"trigger": "minecraft:player_killed_entity","conditions": {"entity": [{"condition": "minecraft:entity_properties","entity": "this","predicate": {"type": "minecraft:blaze"}}]}},
		"cat": {"trigger": "minecraft:player_killed_entity","conditions": {"entity": [{"condition": "minecraft:entity_properties","entity": "this","predicate": {"type": "minecraft:cat"}}]}},
		"cave_spider": {"trigger": "minecraft:player_killed_entity","conditions": {"entity": [{"condition": "minecraft:entity_properties","entity": "this","predicate": {"type": "minecraft:cave_spider"}}]}},
		"chicken": {"trigger": "minecraft:player_killed_entity","conditions": {"entity": [{"condition": "minecraft:entity_properties","entity": "this","predicate": {"type": "minecraft:chicken"}}]}},
		"cod": {"trigger": "minecraft:player_killed_entity","conditions": {"entity": [{"condition": "minecraft:entity_properties","entity": "this","predicate": {"type": "minecraft:cod"}}]}},
		"cow": {"trigger": "minecraft:player_killed_entity","conditions": {"entity": [{"condition": "minecraft:entity_properties","entity": "this","predicate": {"type": "minecraft:cow"}}]}},
		"creeper": {"trigger": "minecraft:player_killed_entity","conditions": {"entity": [{"condition": "minecraft:entity_properties","entity": "this","predicate": {"type": "minecraft:creeper"}}]}},
		"dolphin": {"trigger": "minecraft:player_killed_entity","conditions": {"entity": [{"condition": "minecraft:entity_properties","entity": "this","predicate": {"type": "minecraft:dolphin"}}]}},
		"donkey": {"trigger": "minecraft:player_killed_entity","conditions": {"entity": [{"condition": "minecraft:entity_properties","entity": "this","predicate": {"type": "minecraft:donkey"}}]}},
		"drowned": {"trigger": "minecraft:player_killed_entity","conditions": {"entity": [{"condition": "minecraft:entity_properties","entity": "this","predicate": {"type": "minecraft:drowned"}}]}},
		"elder_guardian": {"trigger": "minecraft:player_killed_entity","conditions": {"entity": [{"condition": "minecraft:entity_properties","entity": "this","predicate": {"type": "minecraft:elder_guardian"}}]}},
		"ender_dragon": {"trigger": "minecraft:player_killed_entity","conditions": {"entity": [{"condition": "minecraft:entity_properties","entity": "this","predicate": {"type": "minecraft:ender_dragon"}}]}},
		"enderman": {"trigger": "minecraft:player_killed_entity","conditions": {"entity": [{"condition": "minecraft:entity_properties","entity": "this","predicate": {"type": "minecraft:enderman"}}]}},
		"endermite": {"trigger": "minecraft:player_killed_entity","conditions": {"entity": [{"condition": "minecraft:entity_properties","entity": "this","predicate": {"type": "minecraft:endermite"}}]}},
		"evoker": {"trigger": "minecraft:player_killed_entity","conditions": {"entity": [{"condition": "minecraft:entity_properties","entity": "this","predicate": {"type": "minecraft:evoker"}}]}},
		"fox": {"trigger": "minecraft:player_killed_entity","conditions": {"entity": [{"condition": "minecraft:entity_properties","entity": "this","predicate": {"type": "minecraft:fox"}}]}},
		"frog": {"trigger": "minecraft:player_killed_entity","conditions": {"entity": [{"condition": "minecraft:entity_properties","entity": "this","predicate": {"type": "minecraft:frog"}}]}},
		"ghast": {"trigger": "minecraft:player_killed_entity","conditions": {"entity": [{"condition": "minecraft:entity_properties","entity": "this","predicate": {"type": "minecraft:ghast"}}]}},
		"glow_squid": {"trigger": "minecraft:player_killed_entity","conditions": {"entity": [{"condition": "minecraft:entity_properties","entity": "this","predicate": {"type": "minecraft:glow_squid"}}]}},
		"goat": {"trigger": "minecraft:player_killed_entity","conditions": {"entity": [{"condition": "minecraft:entity_properties","entity": "this","predicate": {"type": "minecraft:goat"}}]}},
		"giant": {"trigger": "minecraft:player_killed_entity","conditions": {"entity": [{"condition": "minecraft:entity_properties","entity": "this","predicate": {"type": "minecraft:giant"}}]}},
		"guardian": {"trigger": "minecraft:player_killed_entity","conditions": {"entity": [{"condition": "minecraft:entity_properties","entity": "this","predicate": {"type": "minecraft:guardian"}}]}},
		"hoglin": {"trigger": "minecraft:player_killed_entity","conditions": {"entity": [{"condition": "minecraft:entity_properties","entity": "this","predicate": {"type": "minecraft:hoglin"}}]}},
		"horse": {"trigger": "minecraft:player_killed_entity","conditions": {"entity": [{"condition": "minecraft:entity_properties","entity": "this","predicate": {"type": "minecraft:horse"}}]}},
		"husk": {"trigger": "minecraft:player_killed_entity","conditions": {"entity": [{"condition": "minecraft:entity_properties","entity": "this","predicate": {"type": "minecraft:husk"}}]}},
		"illusioner": {"trigger": "minecraft:player_killed_entity","conditions": {"entity": [{"condition": "minecraft:entity_properties","entity": "this","predicate": {"type": "minecraft:illusioner"}}]}},
		"iron_golem": {"trigger": "minecraft:player_killed_entity","conditions": {"entity": [{"condition": "minecraft:entity_properties","entity": "this","predicate": {"type": "minecraft:iron_golem"}}]}},
		"llama": {"trigger": "minecraft:player_killed_entity","conditions": {"entity": [{"condition": "minecraft:entity_properties","entity": "this","predicate": {"type": "minecraft:llama"}}]}},
		"magma_cube": {"trigger": "minecraft:player_killed_entity","conditions": {"entity": [{"condition": "minecraft:entity_properties","entity": "this","predicate": {"type": "minecraft:magma_cube"}}]}},
		"mooshroom": {"trigger": "minecraft:player_killed_entity","conditions": {"entity": [{"condition": "minecraft:entity_properties","entity": "this","predicate": {"type": "minecraft:mooshroom"}}]}},
		"mule": {"trigger": "minecraft:player_killed_entity","conditions": {"entity": [{"condition": "minecraft:entity_properties","entity": "this","predicate": {"type": "minecraft:mule"}}]}},
		"ocelot": {"trigger": "minecraft:player_killed_entity","conditions": {"entity": [{"condition": "minecraft:entity_properties","entity": "this","predicate": {"type": "minecraft:ocelot"}}]}},
		"panda": {"trigger": "minecraft:player_killed_entity","conditions": {"entity": [{"condition": "minecraft:entity_properties","entity": "this","predicate": {"type": "minecraft:panda"}}]}},
		"parrot": {"trigger": "minecraft:player_killed_entity","conditions": {"entity": [{"condition": "minecraft:entity_properties","entity": "this","predicate": {"type": "minecraft:parrot"}}]}},
		"phantom": {"trigger": "minecraft:player_killed_entity","conditions": {"entity": [{"condition": "minecraft:entity_properties","entity": "this","predicate": {"type": "minecraft:phantom"}}]}},
		"pig": {"trigger": "minecraft:player_killed_entity","conditions": {"entity": [{"condition": "minecraft:entity_properties","entity": "this","predicate": {"type": "minecraft:pig"}}]}},
		"piglin": {"trigger": "minecraft:player_killed_entity","conditions": {"entity": [{"condition": "minecraft:entity_properties","entity": "this","predicate": {"type": "minecraft:piglin"}}]}},
		"piglin_brute": {"trigger": "minecraft:player_killed_entity","conditions": {"entity": [{"condition": "minecraft:entity_properties","entity": "this","predicate": {"type": "minecraft:piglin_brute"}}]}},
		"pillager": {"trigger": "minecraft:player_killed_entity","conditions": {"entity": [{"condition": "minecraft:entity_properties","entity": "this","predicate": {"type": "minecraft:pillager"}}]}},
		"player": {"trigger": "minecraft:player_killed_entity","conditions": {"entity": [{"condition": "minecraft:entity_properties","entity": "this","predicate": {"type": "minecraft:player"}}]}},
		"polar_bear": {"trigger": "minecraft:player_killed_entity","conditions": {"entity": [{"condition": "minecraft:entity_properties","entity": "this","predicate": {"type": "minecraft:polar_bear"}}]}},
		"potion": {"trigger": "minecraft:player_killed_entity","conditions": {"entity": [{"condition": "minecraft:entity_properties","entity": "this","predicate": {"type": "minecraft:potion"}}]}},
		"pufferfish": {"trigger": "minecraft:player_killed_entity","conditions": {"entity": [{"condition": "minecraft:entity_properties","entity": "this","predicate": {"type": "minecraft:pufferfish"}}]}},
		"rabbit": {"trigger": "minecraft:player_killed_entity","conditions": {"entity": [{"condition": "minecraft:entity_properties","entity": "this","predicate": {"type": "minecraft:rabbit"}}]}},
		"ravager": {"trigger": "minecraft:player_killed_entity","conditions": {"entity": [{"condition": "minecraft:entity_properties","entity": "this","predicate": {"type": "minecraft:ravager"}}]}},
		"salmon": {"trigger": "minecraft:player_killed_entity","conditions": {"entity": [{"condition": "minecraft:entity_properties","entity": "this","predicate": {"type": "minecraft:salmon"}}]}},
		"sheep": {"trigger": "minecraft:player_killed_entity","conditions": {"entity": [{"condition": "minecraft:entity_properties","entity": "this","predicate": {"type": "minecraft:sheep"}}]}},
		"shulker": {"trigger": "minecraft:player_killed_entity","conditions": {"entity": [{"condition": "minecraft:entity_properties","entity": "this","predicate": {"type": "minecraft:shulker"}}]}},
		"silverfish": {"trigger": "minecraft:player_killed_entity","conditions": {"entity": [{"condition": "minecraft:entity_properties","entity": "this","predicate": {"type": "minecraft:silverfish"}}]}},
		"skeleton": {"trigger": "minecraft:player_killed_entity","conditions": {"entity": [{"condition": "minecraft:entity_properties","entity": "this","predicate": {"type": "minecraft:skeleton"}}]}},
		"skeleton_horse": {"trigger": "minecraft:player_killed_entity","conditions": {"entity": [{"condition": "minecraft:entity_properties","entity": "this","predicate": {"type": "minecraft:skeleton_horse"}}]}},
		"slime": {"trigger": "minecraft:player_killed_entity","conditions": {"entity": [{"condition": "minecraft:entity_properties","entity": "this","predicate": {"type": "minecraft:slime"}}]}},
		"snow_golem": {"trigger": "minecraft:player_killed_entity","conditions": {"entity": [{"condition": "minecraft:entity_properties","entity": "this","predicate": {"type": "minecraft:snow_golem"}}]}},
		"spider": {"trigger": "minecraft:player_killed_entity","conditions": {"entity": [{"condition": "minecraft:entity_properties","entity": "this","predicate": {"type": "minecraft:spider"}}]}},
		"squid": {"trigger": "minecraft:player_killed_entity","conditions": {"entity": [{"condition": "minecraft:entity_properties","entity": "this","predicate": {"type": "minecraft:squid"}}]}},
		"stray": {"trigger": "minecraft:player_killed_entity","conditions": {"entity": [{"condition": "minecraft:entity_properties","entity": "this","predicate": {"type": "minecraft:stray"}}]}},
		"strider": {"trigger": "minecraft:player_killed_entity","conditions": {"entity": [{"condition": "minecraft:entity_properties","entity": "this","predicate": {"type": "minecraft:strider"}}]}},
		"tadpole": {"trigger": "minecraft:player_killed_entity","conditions": {"entity": [{"condition": "minecraft:entity_properties","entity": "this","predicate": {"type": "minecraft:tadpole"}}]}},
		"trader_llama": {"trigger": "minecraft:player_killed_entity","conditions": {"entity": [{"condition": "minecraft:entity_properties","entity": "this","predicate": {"type": "minecraft:trader_llama"}}]}},
		"trident": {"trigger": "minecraft:player_killed_entity","conditions": {"entity": [{"condition": "minecraft:entity_properties","entity": "this","predicate": {"type": "minecraft:trident"}}]}},
		"tropical_fish": {"trigger": "minecraft:player_killed_entity","conditions": {"entity": [{"condition": "minecraft:entity_properties","entity": "this","predicate": {"type": "minecraft:tropical_fish"}}]}},
		"turtle": {"trigger": "minecraft:player_killed_entity","conditions": {"entity": [{"condition": "minecraft:entity_properties","entity": "this","predicate": {"type": "minecraft:turtle"}}]}},
		"vex": {"trigger": "minecraft:player_killed_entity","conditions": {"entity": [{"condition": "minecraft:entity_properties","entity": "this","predicate": {"type": "minecraft:vex"}}]}},
		"villager": {"trigger": "minecraft:player_killed_entity","conditions": {"entity": [{"condition": "minecraft:entity_properties","entity": "this","predicate": {"type": "minecraft:villager"}}]}},
		"vindicator": {"trigger": "minecraft:player_killed_entity","conditions": {"entity": [{"condition": "minecraft:entity_properties","entity": "this","predicate": {"type": "minecraft:vindicator"}}]}},
		"wandering_trader": {"trigger": "minecraft:player_killed_entity","conditions": {"entity": [{"condition": "minecraft:entity_properties","entity": "this","predicate": {"type": "minecraft:wandering_trader"}}]}},
		"warden": {"trigger": "minecraft:player_killed_entity","conditions": {"entity": [{"condition": "minecraft:entity_properties","entity": "this","predicate": {"type": "minecraft:warden"}}]}},
		"witch": {"trigger": "minecraft:player_killed_entity","conditions": {"entity": [{"condition": "minecraft:entity_properties","entity": "this","predicate": {"type": "minecraft:witch"}}]}},
		"wither": {"trigger": "minecraft:player_killed_entity","conditions": {"entity": [{"condition": "minecraft:entity_properties","entity": "this","predicate": {"type": "minecraft:wither"}}]}},
		"wither_skeleton": {"trigger": "minecraft:player_killed_entity","conditions": {"entity": [{"condition": "minecraft:entity_properties","entity": "this","predicate": {"type": "minecraft:wither_skeleton"}}]}},
		"wither_skull": {"trigger": "minecraft:player_killed_entity","conditions": {"entity": [{"condition": "minecraft:entity_properties","entity": "this","predicate": {"type": "minecraft:wither_skull"}}]}},
		"wolf": {"trigger": "minecraft:player_killed_entity","conditions": {"entity": [{"condition": "minecraft:entity_properties","entity": "this","predicate": {"type": "minecraft:wolf"}}]}},
		"zoglin": {"trigger": "minecraft:player_killed_entity","conditions": {"entity": [{"condition": "minecraft:entity_properties","entity": "this","predicate": {"type": "minecraft:zoglin"}}]}},
		"zombie": {"trigger": "minecraft:player_killed_entity","conditions": {"entity": [{"condition": "minecraft:entity_properties","entity": "this","predicate": {"type": "minecraft:zombie"}}]}},
		"zombie_horse": {"trigger": "minecraft:player_killed_entity","conditions": {"entity": [{"condition": "minecraft:entity_properties","entity": "this","predicate": {"type": "minecraft:zombie_horse"}}]}},
		"zombie_villager": {"trigger": "minecraft:player_killed_entity","conditions": {"entity": [{"condition": "minecraft:entity_properties","entity": "this","predicate": {"type": "minecraft:zombie_villager"}}]}},
		"zombified_piglin": {"trigger": "minecraft:player_killed_entity","conditions": {"entity": [{"condition": "minecraft:entity_properties","entity": "this","predicate": {"type": "minecraft:zombified_piglin"}}]}},
		"bit0":{"trigger": "minecraft:player_killed_entity", "conditions": {"entity": [{"condition": "minecraft:entity_properties", "entity": "this", "predicate": {"nbt": "{Tags:[entityid.0.1]}"}}]}},"bit1":{"trigger": "minecraft:player_killed_entity", "conditions": {"entity": [{"condition": "minecraft:entity_properties", "entity": "this", "predicate": {"nbt": "{Tags:[entityid.1.1]}"}}]}},"bit2":{"trigger": "minecraft:player_killed_entity", "conditions": {"entity": [{"condition": "minecraft:entity_properties", "entity": "this", "predicate": {"nbt": "{Tags:[entityid.2.1]}"}}]}},"bit3":{"trigger": "minecraft:player_killed_entity", "conditions": {"entity": [{"condition": "minecraft:entity_properties", "entity": "this", "predicate": {"nbt": "{Tags:[entityid.3.1]}"}}]}},"bit4":{"trigger": "minecraft:player_killed_entity", "conditions": {"entity": [{"condition": "minecraft:entity_properties", "entity": "this", "predicate": {"nbt": "{Tags:[entityid.4.1]}"}}]}},"bit5":{"trigger": "minecraft:player_killed_entity", "conditions": {"entity": [{"condition": "minecraft:entity_properties", "entity": "this", "predicate": {"nbt": "{Tags:[entityid.5.1]}"}}]}},"bit6":{"trigger": "minecraft:player_killed_entity", "conditions": {"entity": [{"condition": "minecraft:entity_properties", "entity": "this", "predicate": {"nbt": "{Tags:[entityid.6.1]}"}}]}},"bit7":{"trigger": "minecraft:player_killed_entity", "conditions": {"entity": [{"condition": "minecraft:entity_properties", "entity": "this", "predicate": {"nbt": "{Tags:[entityid.7.1]}"}}]}},"bit8":{"trigger": "minecraft:player_killed_entity", "conditions": {"entity": [{"condition": "minecraft:entity_properties", "entity": "this", "predicate": {"nbt": "{Tags:[entityid.8.1]}"}}]}},"bit9":{"trigger": "minecraft:player_killed_entity", "conditions": {"entity": [{"condition": "minecraft:entity_properties", "entity": "this", "predicate": {"nbt": "{Tags:[entityid.9.1]}"}}]}},"bit10":{"trigger": "minecraft:player_killed_entity", "conditions": {"entity": [{"condition": "minecraft:entity_properties", "entity": "this", "predicate": {"nbt": "{Tags:[entityid.10.1]}"}}]}},"bit11":{"trigger": "minecraft:player_killed_entity", "conditions": {"entity": [{"condition": "minecraft:entity_properties", "entity": "this", "predicate": {"nbt": "{Tags:[entityid.11.1]}"}}]}},"bit12":{"trigger": "minecraft:player_killed_entity", "conditions": {"entity": [{"condition": "minecraft:entity_properties", "entity": "this", "predicate": {"nbt": "{Tags:[entityid.12.1]}"}}]}},"bit13":{"trigger": "minecraft:player_killed_entity", "conditions": {"entity": [{"condition": "minecraft:entity_properties", "entity": "this", "predicate": {"nbt": "{Tags:[entityid.13.1]}"}}]}},"bit14":{"trigger": "minecraft:player_killed_entity", "conditions": {"entity": [{"condition": "minecraft:entity_properties", "entity": "this", "predicate": {"nbt": "{Tags:[entityid.14.1]}"}}]}},"bit15":{"trigger": "minecraft:player_killed_entity", "conditions": {"entity": [{"condition": "minecraft:entity_properties", "entity": "this", "predicate": {"nbt": "{Tags:[entityid.15.1]}"}}]}},"!bit0":{"trigger": "minecraft:player_killed_entity", "conditions": {"entity": [{"condition": "minecraft:entity_properties", "entity": "this", "predicate": {"nbt": "{Tags:[entityid.0.0]}"}}]}},"!bit1":{"trigger": "minecraft:player_killed_entity", "conditions": {"entity": [{"condition": "minecraft:entity_properties", "entity": "this", "predicate": {"nbt": "{Tags:[entityid.1.0]}"}}]}},"!bit2":{"trigger": "minecraft:player_killed_entity", "conditions": {"entity": [{"condition": "minecraft:entity_properties", "entity": "this", "predicate": {"nbt": "{Tags:[entityid.2.0]}"}}]}},"!bit3":{"trigger": "minecraft:player_killed_entity", "conditions": {"entity": [{"condition": "minecraft:entity_properties", "entity": "this", "predicate": {"nbt": "{Tags:[entityid.3.0]}"}}]}},"!bit4":{"trigger": "minecraft:player_killed_entity", "conditions": {"entity": [{"condition": "minecraft:entity_properties", "entity": "this", "predicate": {"nbt": "{Tags:[entityid.4.0]}"}}]}},"!bit5":{"trigger": "minecraft:player_killed_entity", "conditions": {"entity": [{"condition": "minecraft:entity_properties", "entity": "this", "predicate": {"nbt": "{Tags:[entityid.5.0]}"}}]}},"!bit6":{"trigger": "minecraft:player_killed_entity", "conditions": {"entity": [{"condition": "minecraft:entity_properties", "entity": "this", "predicate": {"nbt": "{Tags:[entityid.6.0]}"}}]}},"!bit7":{"trigger": "minecraft:player_killed_entity", "conditions": {"entity": [{"condition": "minecraft:entity_properties", "entity": "this", "predicate": {"nbt": "{Tags:[entityid.7.0]}"}}]}},"!bit8":{"trigger": "minecraft:player_killed_entity", "conditions": {"entity": [{"condition": "minecraft:entity_properties", "entity": "this", "predicate": {"nbt": "{Tags:[entityid.8.0]}"}}]}},"!bit9":{"trigger": "minecraft:player_killed_entity", "conditions": {"entity": [{"condition": "minecraft:entity_properties", "entity": "this", "predicate": {"nbt": "{Tags:[entityid.9.0]}"}}]}},"!bit10":{"trigger": "minecraft:player_killed_entity", "conditions": {"entity": [{"condition": "minecraft:entity_properties", "entity": "this", "predicate": {"nbt": "{Tags:[entityid.10.0]}"}}]}},"!bit11":{"trigger": "minecraft:player_killed_entity", "conditions": {"entity": [{"condition": "minecraft:entity_properties", "entity": "this", "predicate": {"nbt": "{Tags:[entityid.11.0]}"}}]}},"!bit12":{"trigger": "minecraft:player_killed_entity", "conditions": {"entity": [{"condition": "minecraft:entity_properties", "entity": "this", "predicate": {"nbt": "{Tags:[entityid.12.0]}"}}]}},"!bit13":{"trigger": "minecraft:player_killed_entity", "conditions": {"entity": [{"condition": "minecraft:entity_properties", "entity": "this", "predicate": {"nbt": "{Tags:[entityid.13.0]}"}}]}},"!bit14":{"trigger": "minecraft:player_killed_entity", "conditions": {"entity": [{"condition": "minecraft:entity_properties", "entity": "this", "predicate": {"nbt": "{Tags:[entityid.14.0]}"}}]}},"!bit15":{"trigger": "minecraft:player_killed_entity", "conditions": {"entity": [{"condition": "minecraft:entity_properties", "entity": "this", "predicate": {"nbt": "{Tags:[entityid.15.0]}"}}]}}
	},
	"requirements": [
		[ "entity" ],
		[ "tagless", "always_hurts_ender_dragons", "always_most_significant_fall", "always_triggers_silverfish", "avoids_guardian_thorns", "burns_armor_stands", "bypasses_armor", "bypasses_effects", "bypasses_enchantments", "bypasses_invulnerability", "bypasses_resistance", "bypasses_shield", "damages_helmet", "ignites_armor_stands", "is_drowning", "is_explosion", "is_fall", "is_fire", "is_freezing", "is_lightning", "is_projectile", "no_anger", "no_impact", "witch_resistant_to", "wither_immune_to" ],
		[ "allay", "axolotl", "bat", "bee", "blaze", "cat", "cave_spider", "chicken", "cod", "cow", "creeper", "dolphin", "donkey", "drowned", "elder_guardian", "ender_dragon", "enderman", "endermite", "evoker", "frog", "fox", "ghast", "giant", "glow_squid", "goat", "guardian", "hoglin", "horse", "husk", "illusioner", "iron_golem", "llama", "magma_cube", "mooshroom", "mule", "ocelot", "panda", "parrot", "phantom", "pig", "piglin", "piglin_brute", "pillager", "player", "polar_bear", "potion", "pufferfish", "rabbit", "ravager", "salmon", "sheep", "shulker", "silverfish", "skeleton", "skeleton_horse", "slime", "snow_golem", "spider", "squid", "stray", "strider", "tadpole", "trader_llama", "trident", "tropical_fish", "turtle", "vex", "villager", "vindicator", "wandering_trader", "warden", "witch", "wither", "wither_skeleton", "wither_skull", "wolf", "zoglin", "zombie", "zombie_horse", "zombie_villager", "zombified_piglin" ],
		[ "bit0", "!bit0" ],
		[ "bit1", "!bit1" ],
		[ "bit2", "!bit2" ],
		[ "bit3", "!bit3" ],
		[ "bit4", "!bit4" ],
		[ "bit5", "!bit5" ],
		[ "bit6", "!bit6" ],
		[ "bit7", "!bit7" ],
		[ "bit8", "!bit8" ],
		[ "bit9", "!bit9" ],
		[ "bit10", "!bit10" ],
		[ "bit11", "!bit11" ],
		[ "bit12", "!bit12" ],
		[ "bit13", "!bit13" ],
		[ "bit14", "!bit14" ],
		[ "bit15", "!bit15" ]
	],
	"rewards": {
		"function": "entityid:player_killed_entity"
	}
}
