{
    "criteria": {
        "find": {
            "trigger": "minecraft:inventory_changed",
            "conditions": {
                "items": [
                    {
                        "nbt": "{CustomEnchantments:[{id:\"echo\"}]}"
                    }
                ]
            }
        }
    },
    "display": {
        "title": {
            "translate": "ca.enchants.adv.echo.title",
            "fallback": "Echo                     ",
            "color": "aqua"
        },
        "description": {
            "translate": "ca.enchants.adv.echo.desc",
            "fallback": "The weapon stores charges over time and from kills. Charges are used when attacking to recharge your cooldown. When out of charges, the weapon is slower.",
            "color": "white"
        },
        "icon": {
            "item": "minecraft:diamond_sword"
        },
        "frame": "task",
        "show_toast": true,
        "announce_to_chat": false,
        "hidden": true
    },
    "rewards": {
        "function": "cartographer_custom_enchantments:descriptions/melee/echo"
    },
    "parent": "cartographer_custom_enchantments:melee/duelist"
}
