{
    "display": {
        "title": {
            "translate": "ca.enchants.adv.frostbite.title",
            "fallback": "Frostbite                ",
            "color": "aqua"
        },
        "description": {
            "translate": "ca.enchants.adv.frostbite.desc",
            "fallback": "Melee attacks with this weapon inflict Slowness.",
            "color": "white"
        },
        "icon": {
            "item": "minecraft:snowball"
        },
        "frame": "task",
        "show_toast": true,
        "announce_to_chat": false,
        "hidden": true
    },
    "criteria": {
        "find": {
            "trigger": "minecraft:inventory_changed",
            "conditions": {
                "items": [
                    {
                        "nbt": "{CustomEnchantments:[{id:\"frostbite\"}]}"
                    }
                ]
            }
        }
    },
    "rewards": {
        "function": "cartographer_custom_enchantments:descriptions/melee/frostbite"
    },
    "parent": "cartographer_custom_enchantments:melee/first_strike"
}
