{
    "display": {
        "title": {
            "translate": "ca.enchants.adv.hex_eater.title",
            "fallback": "Hex Eater                ",
            "color": "aqua"
        },
        "description": {
            "color": "white",
            "translate": "ca.enchants.adv.hex_eater.desc",
            "fallback": "This weapon deals additional damage to debuffed enemies and cleanses their debuffs."
        },
        "icon": {
            "item": "minecraft:potion"
        },
        "frame": "task",
        "show_toast": true,
        "announce_to_chat": false,
        "hidden": true
    },
    "criteria": {
        "find": {
            "trigger": "minecraft:inventory_changed",
            "conditions": {
                "items": [
                    {
                        "nbt": "{CustomEnchantments:[{id:\"hex_eater\"}]}"
                    }
                ]
            }
        }
    },
    "rewards": {
        "function": "cartographer_custom_enchantments:descriptions/melee/hex_eater"
    },
    "parent": "cartographer_custom_enchantments:melee/frostbite"
}
