{
    "display": {
        "title": {
            "translate": "ca.enchants.adv.lethality.title",
            "fallback": "Lethality                ",
            "color": "aqua"
        },
        "description": {
            "translate": "ca.enchants.adv.lethality.desc",
            "fallback": "Melee attacks with this weapon deal additional damage on critical hits.",
            "color": "white"
        },
        "icon": {
            "item": "minecraft:golden_axe"
        },
        "frame": "task",
        "show_toast": true,
        "announce_to_chat": false,
        "hidden": true
    },
    "criteria": {
        "find": {
            "trigger": "minecraft:inventory_changed",
            "conditions": {
                "items": [
                    {
                        "nbt": "{CustomEnchantments:[{id:\"lethality\"}]}"
                    }
                ]
            }
        }
    },
    "rewards": {
        "function": "cartographer_custom_enchantments:descriptions/melee/lethality"
    },
    "parent": "cartographer_custom_enchantments:melee/hunter"
}
