{
    "display": {
        "title": {
            "translate": "ca.enchants.adv.slamming.title",
            "fallback": "Slamming                 ",
            "color": "aqua"
        },
        "description": {
            "translate": "ca.enchants.adv.slamming.desc",
            "fallback": "The weapon stores charges over time and from kills. Charges are used when crit-attacking to deal damage to other nearby mobs. Those mobs take a portion of the weapon's damage.",
            "color": "white"
        },
        "icon": {
            "item": "minecraft:stone_shovel"
        },
        "frame": "task",
        "show_toast": true,
        "announce_to_chat": false,
        "hidden": true
    },
    "criteria": {
        "find": {
            "trigger": "minecraft:inventory_changed",
            "conditions": {
                "items": [
                    {
                        "nbt": "{CustomEnchantments:[{id:\"slamming\"}]}"
                    }
                ]
            }
        }
    },
    "rewards": {
        "function": "cartographer_custom_enchantments:descriptions/melee/slamming"
    },
    "parent": "cartographer_custom_enchantments:melee/singe"
}
