{
    "display": {
        "title": {
            "translate": "ca.enchants.adv.sweeping.title",
            "fallback": "Sweeping                 ",
            "color": "aqua"
        },
        "description": {
            "translate": "ca.enchants.adv.sweeping.desc",
            "fallback": "The weapon stores charges over time and from kills. Charges are used when attacking to create empowered sweep attacks.",
            "color": "white"
        },
        "icon": {
            "item": "minecraft:stone_sword"
        },
        "frame": "task",
        "show_toast": true,
        "announce_to_chat": false,
        "hidden": true
    },
    "criteria": {
        "find": {
            "trigger": "minecraft:inventory_changed",
            "conditions": {
                "items": [
                    {
                        "nbt": "{CustomEnchantments:[{id:\"sweeping\"}]}"
                    }
                ]
            }
        }
    },
    "rewards": {
        "function": "cartographer_custom_enchantments:descriptions/melee/sweeping"
    },
    "parent": "cartographer_custom_enchantments:melee/slamming"
}
