{
    "criteria": {
      "requirement": {
        "trigger": "minecraft:player_killed_entity",
        "conditions": {
          "entity": [
            {
              "condition": "minecraft:inverted",
              "term": {
                "condition": "minecraft:entity_properties",
                "entity": "this",
                "predicate": {
                  "nbt": "{Tags:[\"delta.pre_explosion\"]}"
                }
              }
            },
            {
                "condition": "minecraft:inverted",
                "term": {
                  "condition": "minecraft:entity_properties",
                  "entity": "this",
                  "predicate": {
                    "nbt": "{Tags:[\"delta.post_explosion\"]}"
                  }
                }
            },
            {
              "condition": "minecraft:inverted",
              "term": {
                "condition": "minecraft:entity_properties",
                "entity": "this",
                "predicate": {
                  "nbt": "{Tags:[\"delta.launcher\"]}"
                }
              }
            }
          ]
        }
      }
    },
    "rewards": {
      "function": "cartographer_core:helper/kill_check"
    }
  }
  