{
    "display": {
        "title": {
            "translate": "ca.abilities.adv.tree_passives.title",
            "fallback": "Passives                 ",
            "color": "yellow"
        },
        "description": {
            "translate": "ca.abilities.adv.tree_passives.desc",
            "fallback": "Passive effects mobs have.",
            "color": "white"
        },
        "icon": {
            "item": "minecraft:netherite_chestplate"
        },
        "frame": "goal",
        "show_toast": false,
        "announce_to_chat": false,
        "hidden": false
    },
    "criteria": {
        "tick": {
            "trigger": "minecraft:tick"
        }
    },
    "parent": "cartographer_mob_abilities:root"
}
