{
    "display": {
        "title": {
            "translate": "ca.abilities.adv.breaker.title",
            "fallback": "Breaker                  ",
            "color": "white"
        },
        "description": {
            "translate": "ca.abilities.adv.breaker.desc",
            "fallback": "Periodically break blocks around itself.",
            "color": "white"
        },
        "icon": {
            "item": "minecraft:iron_pickaxe"
        },
        "frame": "task",
        "show_toast": true,
        "announce_to_chat": false,
        "hidden": true
    },
    "criteria": {
        "found": {
            "trigger": "minecraft:player_killed_entity",
            "conditions": {
                "entity": {
                    "nbt": "{Tags:[\"ca.breaker\"]}"
                }
            }
        }
    },
    "rewards": {
        "function": "cartographer_mob_abilities:descriptions/passive/other/breaker"
    },
    "parent": "cartographer_mob_abilities:passive/passive_abilities"
}
