{
    "display": {
        "title": {
            "translate": "ca.abilities.adv.enderport.title",
            "fallback": "Enderport                ",
            "color": "white"
        },
        "description": {
            "translate": "ca.abilities.adv.enderport.desc",
            "fallback": "Teleports to dodge projectiles, becoming faster and stronger when it does.",
            "color": "white"
        },
        "icon": {
            "item": "minecraft:ender_pearl"
        },
        "frame": "task",
        "show_toast": true,
        "announce_to_chat": false,
        "hidden": true
    },
    "criteria": {
        "found": {
            "trigger": "minecraft:player_killed_entity",
            "conditions": {
                "entity": {
                    "nbt": "{Tags:[\"ca.enderport\"]}"
                }
            }
        }
    },
    "rewards": {
        "function": "cartographer_mob_abilities:descriptions/passive/other/enderport"
    },
    "parent": "cartographer_mob_abilities:passive/other/breaker"
}
