{
    "display": {
      "icon": {
        "item": "minecraft:shulker_box"
      },
      "title": {
        "text": "Always Drop Shulker Boxes",
        "color": "#C8B69F",
        "bold": false
      },
      "description": {
        "text": "-------------------------- Shulker Boxes will always drop on death (even if protected by other death rulesets). --------------------------",
        "color": "white",
        "bold": false
      },
      "frame": "task",
      "show_toast": false,
      "announce_to_chat": false,
      "hidden": true
    },
    "parent": "cartographer_charon:death_note/root",
    "criteria": {
      "tick": {
        "trigger": "minecraft:impossible"
      }
    }
  }
  