{
    "display": {
      "icon": {
        "item": "minecraft:diamond_sword"
      },
      "title": {
        "text": "Hotbar Protection             ",
        "color": "yellow",
        "bold": false
      },
      "description": {
        "text": "-------------------------- Items in your hotbar cannot be taken or taxed by death systems. --------------------------",
        "color": "white",
        "bold": false
      },
      "frame": "task",
      "show_toast": false,
      "announce_to_chat": false,
      "hidden": true
    },
    "parent": "cartographer_charon:death_note/timepiece",
    "criteria": {
      "tick": {
        "trigger": "minecraft:impossible"
      }
    }
  }
  