{
    "display": {
      "icon": {
        "item": "minecraft:chest"
      },
      "title": {
        "text": "Backpack Protection              ",
        "color": "yellow",
        "bold": false
      },
      "description": {
        "text": "----------------------------- Items in your inventory (not armor, hotbar, or offhand) cannot be taken or taxed by death systems. -----------------------------",
        "color": "white",
        "bold": false
      },
      "frame": "task",
      "show_toast": false,
      "announce_to_chat": false,
      "hidden": true
    },
    "parent": "cartographer_charon:death_note/protected_offhand",
    "criteria": {
      "tick": {
        "trigger": "minecraft:impossible"
      }
    }
  }
  