{
    "display": {
      "icon": {
        "item": "minecraft:diamond_chestplate"
      },
      "title": {
        "text": "Armor Protection                 ",
        "color": "yellow",
        "bold": false
      },
      "description": {
        "text": "----------------------------- Items in your armor slots cannot be taken or taxed by death systems. -----------------------------",
        "color": "white",
        "bold": false
      },
      "frame": "task",
      "show_toast": false,
      "announce_to_chat": false,
      "hidden": true
    },
    "parent": "cartographer_charon:death_note/protected_hotbar",
    "criteria": {
      "tick": {
        "trigger": "minecraft:impossible"
      }
    }
  }
  