{
    "display": {
      "icon": {
        "item": "minecraft:bone"
      },
      "title": {
        "text": "Taxes: Item Count        ",
        "color": "#C8B69F",
        "bold": false
      },
      "description": {
        "text": "------------------------ Items that are dropped lose a percentage of their total count in the stack (always leaving at least 1). ------------------------",
        "color": "white",
        "bold": false
      },
      "frame": "task",
      "show_toast": false,
      "announce_to_chat": false,
      "hidden": true
    },
    "parent": "cartographer_charon:death_note/spawner_defenses",
    "criteria": {
      "tick": {
        "trigger": "minecraft:impossible"
      }
    }
  }
  