{
    "display": {
      "icon": {
        "item": "minecraft:barrier"
      },
      "title": {
        "text": "Taxes: Vanishing         ",
        "color": "#C8B69F",
        "bold": false
      },
      "description": {
        "text": "------------------------ Items that are dropped have a chance to be destroyed. ------------------------",
        "color": "white",
        "bold": false
      },
      "frame": "task",
      "show_toast": false,
      "announce_to_chat": false,
      "hidden": true
    },
    "parent": "cartographer_charon:death_note/tax_durability",
    "criteria": {
      "tick": {
        "trigger": "minecraft:impossible"
      }
    }
  }
  