{
    "display": {
      "icon": {
        "item": "minecraft:emerald"
      },
      "title": {
        "text": "Taxes: Progressive (Vanishing)",
        "color": "#C8B69F",
        "bold": false
      },
      "description": {
        "text": "----------------------------- Count and Durability taxes increase per death. If they are maxed, Vanishing tax increases instead. Taxes decrease over time. -----------------------------",
        "color": "white",
        "bold": false
      },
      "frame": "task",
      "show_toast": false,
      "announce_to_chat": false,
      "hidden": true
    },
    "parent": "cartographer_charon:death_note/tax_progressive",
    "criteria": {
      "tick": {
        "trigger": "minecraft:impossible"
      }
    }
  }
  