{
    "display": {
      "icon": {
        "item": "minecraft:crying_obsidian"
      },
      "title": {
        "translate": "ca.charon.adv.void_return.title",
        "fallback": "Void Return              ",
        "color": "#BEA0ED",
        "bold": false
      },
      "description": {
        "translate": "ca.charon.adv.void_return.desc",
        "fallback": "--------------------------- Players that fall into the void take damage and are returned to the last stable ground they stood on. The damage received is proportional to the distance fallen. Death effects occur at the last stable ground you stood on. ---------------------------",
        "color": "white",
        "bold": false
      },
      "frame": "task",
      "show_toast": true,
      "announce_to_chat": false,
      "hidden": true
    },
    "parent": "cartographer_charon:death_note/void_lift",
    "criteria": {
      "tick": {
        "trigger": "minecraft:impossible"
      }
    }
  }
  