{
    "display": {
      "icon": {
        "item": "minecraft:netherite_sword"
      },
      "title": {
        "text": "Void Execute               ",
        "color": "#BEA0ED",
        "bold": false
      },
      "description": {
        "text": "------------------------- The void executes players that fall into it. The death is treated as if it occured in the spot where the player last stood on solid ground. -------------------------",
        "color": "white",
        "bold": false
      },
      "frame": "task",
      "show_toast": true,
      "announce_to_chat": false,
      "hidden": true
    },
    "parent": "cartographer_charon:death_note/root",
    "criteria": {
      "tick": {
        "trigger": "minecraft:impossible"
      }
    }
  }
  