{
    "criteria": {
        "find": {
            "trigger": "minecraft:inventory_changed",
            "conditions": {
                "items": [
                    {
                        "nbt": "{CustomEnchantments:[{id:\"aquadynamic\"}]}"
                    }
                ]
            }
        }
    },
    "display": {
        "title": {
            "translate": "ca.enchants.adv.aquadynamic.title",
            "fallback": "Aquadynamic              ",
            "color": "aqua"
        },
        "description": {
            "color": "white",
            "translate": "ca.enchants.adv.aquadynamic.desc",
            "fallback": "When the user enters water they receive Conduit Power and Dolphins Grace. Kills underwater refresh the duration."
        },
        "icon": {
            "item": "minecraft:heart_of_the_sea"
        },
        "frame": "task",
        "show_toast": true,
        "announce_to_chat": false,
        "hidden": true
    },
    "rewards": {
        "function": "cartographer_custom_enchantments:descriptions/passive/aquadynamic"
    },
    "parent": "cartographer_custom_enchantments:passive/agility"
}
