{
    "criteria": {
        "find": {
            "trigger": "minecraft:inventory_changed",
            "conditions": {
                "items": [
                    {
                        "nbt": "{CustomEnchantments:[{id:\"cauterize\"}]}"
                    }
                ]
            }
        }
    },
    "display": {
        "title": {
            "translate": "ca.enchants.adv.cauterize.title",
            "fallback": "Cauterize                ",
            "color": "aqua"
        },
        "description": {
            "color": "white",
            "translate": "ca.enchants.adv.cauterize.desc",
            "fallback": "Mobs you attack that are on fire are extinguished, dealing some of the leftover fire damage immediately."
        },
        "icon": {
            "item": "minecraft:flint_and_steel"
        },
        "frame": "task",
        "show_toast": true,
        "announce_to_chat": false,
        "hidden": true
    },
    "rewards": {
        "function": "cartographer_custom_enchantments:descriptions/passive/cauterize"
    },
    "parent": "cartographer_custom_enchantments:passive/aquadynamic"
}
