{
    "display": {
        "title": {
            "translate": "ca.enchants.adv.confidence.title",
            "fallback": "Confidence               ",
            "color": "aqua"
        },
        "description": {
            "translate": "ca.enchants.adv.confidence.desc",
            "fallback": "While above 75% Max Health, deal additional melee damage.",
            "color": "white"
        },
        "icon": {
            "item": "minecraft:diamond"
        },
        "frame": "task",
        "show_toast": true,
        "announce_to_chat": false,
        "hidden": true
    },
    "criteria": {
        "find": {
            "trigger": "minecraft:inventory_changed",
            "conditions": {
                "items": [
                    {
                        "nbt": "{CustomEnchantments:[{id:\"confidence\"}]}"
                    }
                ]
            }
        }
    },
    "rewards": {
        "function": "cartographer_custom_enchantments:descriptions/passive/confidence"
    },
    "parent": "cartographer_custom_enchantments:passive/concealed"
}
