{
    "display": {
        "title": {
            "translate": "ca.enchants.adv.desperation.title",
            "fallback": "Desperation              ",
            "color": "aqua"
        },
        "description": {
            "translate": "ca.enchants.adv.desperation.desc",
            "fallback": "While below 50% Max Health, deal additional melee damage.",
            "color": "white"
        },
        "icon": {
            "item": "minecraft:redstone"
        },
        "frame": "task",
        "show_toast": true,
        "announce_to_chat": false,
        "hidden": true
    },
    "criteria": {
        "find": {
            "trigger": "minecraft:inventory_changed",
            "conditions": {
                "items": [
                    {
                        "nbt": "{CustomEnchantments:[{id:\"desperation\"}]}"
                    }
                ]
            }
        }
    },
    "rewards": {
        "function": "cartographer_custom_enchantments:descriptions/passive/desperation"
    },
    "parent": "cartographer_custom_enchantments:passive/confidence"
}
