{
    "criteria": {
        "find": {
            "trigger": "minecraft:inventory_changed",
            "conditions": {
                "items": [
                    {
                        "nbt": "{CustomEnchantments:[{id:\"energetic\"}]}"
                    }
                ]
            }
        }
    },
    "display": {
        "title": {
            "translate": "ca.enchants.adv.energetic.title",
            "fallback": "Energetic                ",
            "color": "aqua"
        },
        "description": {
            "color": "white",
            "translate": "ca.enchants.adv.energetic.desc",
            "fallback": "When the user slays a mob, they gain an attack speed boost that shrinks over time."
        },
        "icon": {
            "item": "minecraft:honeycomb"
        },
        "frame": "task",
        "show_toast": true,
        "announce_to_chat": false,
        "hidden": true
    },
    "rewards": {
        "function": "cartographer_custom_enchantments:descriptions/passive/energetic"
    },
    "parent": "cartographer_custom_enchantments:passive/disengage"
}
