{
    "display": {
        "title": {
            "translate": "ca.enchants.adv.gravity.title",
            "fallback": "Gravity                  ",
            "color": "aqua"
        },
        "description": {
            "translate": "ca.enchants.adv.gravity.desc",
            "fallback": "When the user hits a mob while falling, the fall damage they would take is negated and damage is dealt to mobs within 3 blocks.",
            "color": "white"
        },
        "icon": {
            "item": "minecraft:netherite_boots"
        },
        "frame": "task",
        "show_toast": true,
        "announce_to_chat": false,
        "hidden": true
    },
    "criteria": {
        "find": {
            "trigger": "minecraft:inventory_changed",
            "conditions": {
                "items": [
                    {
                        "nbt": "{CustomEnchantments:[{id:\"gravity\"}]}"
                    }
                ]
            }
        }
    },
    "rewards": {
        "function": "cartographer_custom_enchantments:descriptions/passive/gravity"
    },
    "parent": "cartographer_custom_enchantments:passive/frenzy"
}
