{
    "display": {
        "title": {
            "translate": "ca.enchants.adv.poise.title",
            "fallback": "Poise                    ",
            "color": "aqua"
        },
        "description": {
            "translate": "ca.enchants.adv.poise.desc",
            "fallback": "While above 50% Max Health, gain additional armor.",
            "color": "white"
        },
        "icon": {
            "item": "minecraft:shield"
        },
        "frame": "task",
        "show_toast": true,
        "announce_to_chat": false,
        "hidden": true
    },
    "criteria": {
        "find": {
            "trigger": "minecraft:inventory_changed",
            "conditions": {
                "items": [
                    {
                        "nbt": "{CustomEnchantments:[{id:\"poise\"}]}"
                    }
                ]
            }
        }
    },
    "rewards": {
        "function": "cartographer_custom_enchantments:descriptions/passive/poise"
    },
    "parent": "cartographer_custom_enchantments:passive/momentum"
}
