{
    "criteria": {
        "find": {
            "trigger": "minecraft:inventory_changed",
            "conditions": {
                "items": [
                    {
                        "nbt": "{CustomEnchantments:[{id:\"rally\"}]}"
                    }
                ]
            }
        }
    },
    "display": {
        "title": {
            "translate": "ca.enchants.adv.rally.title",
            "fallback": "Rally                    ",
            "color": "aqua"
        },
        "description": {
            "translate": "ca.enchants.adv.rally.desc",
            "fallback": "Enemies that attack the user are marked. Hitting a marked mob restores health.",
            "color": "white"
        },
        "icon": {
            "item": "minecraft:red_dye"
        },
        "frame": "task",
        "show_toast": true,
        "announce_to_chat": false,
        "hidden": true
    },
    "rewards": {
        "function": "cartographer_custom_enchantments:descriptions/passive/rally"
    },
    "parent": "cartographer_custom_enchantments:passive/quake"
}
