{
    "display": {
        "title": {
            "translate": "ca.enchants.adv.reconstruction.title",
            "fallback": "Reconstruction           ",
            "color": "aqua"
        },
        "description": {
            "translate": "ca.enchants.adv.reconstruction.desc",
            "fallback": "This item slowly repairs over time while in the hotbar, offhand, or armor.",
            "color": "white"
        },
        "icon": {
            "item": "minecraft:anvil"
        },
        "frame": "task",
        "show_toast": true,
        "announce_to_chat": false,
        "hidden": true
    },
    "criteria": {
        "find": {
            "trigger": "minecraft:inventory_changed",
            "conditions": {
                "items": [
                    {
                        "nbt": "{CustomEnchantments:[{id:\"reconstruction\"}]}"
                    }
                ]
            }
        }
    },
    "rewards": {
        "function": "cartographer_custom_enchantments:descriptions/passive/reconstruction"
    },
    "parent": "cartographer_custom_enchantments:passive/rally"
}
