{
    "criteria": {
        "find": {
            "trigger": "minecraft:inventory_changed",
            "conditions": {
                "items": [
                    {
                        "nbt": "{CustomEnchantments:[{id:\"regeneration\"}]}"
                    }
                ]
            }
        }
    },
    "display": {
        "title": {
            "translate": "ca.enchants.adv.regeneration.title",
            "fallback": "Regeneration             ",
            "color": "aqua"
        },
        "description": {
            "translate": "ca.enchants.adv.regeneration.desc",
            "fallback": "The user slowly regenerates health.",
            "color": "white"
        },
        "icon": {
            "item": "minecraft:ghast_tear"
        },
        "frame": "task",
        "show_toast": true,
        "announce_to_chat": false,
        "hidden": true
    },
    "rewards": {
        "function": "cartographer_custom_enchantments:descriptions/passive/regeneration"
    },
    "parent": "cartographer_custom_enchantments:passive/reconstruction"
}