{
    "display": {
        "title": {
            "translate": "ca.enchants.adv.resourceful.title",
            "fallback": "Resourceful              ",
            "color": "aqua"
        },
        "description": {
            "translate": "ca.enchants.adv.resourceful.desc",
            "fallback": "When the wearer/holder would consume an arrow, they have a chance not to.",
            "color": "white"
        },
        "icon": {
            "item": "minecraft:arrow"
        },
        "frame": "task",
        "show_toast": true,
        "announce_to_chat": false,
        "hidden": true
    },
    "criteria": {
        "find": {
            "trigger": "minecraft:inventory_changed",
            "conditions": {
                "items": [
                    {
                        "nbt": "{CustomEnchantments:[{id:\"resourceful\"}]}"
                    }
                ]
            }
        }
    },
    "rewards": {
        "function": "cartographer_custom_enchantments:descriptions/passive/resourceful"
    },
    "parent": "cartographer_custom_enchantments:passive/regeneration"
}
