{
    "criteria": {
        "find": {
            "trigger": "minecraft:inventory_changed",
            "conditions": {
                "items": [
                    {
                        "nbt": "{CustomEnchantments:[{id:\"satiation\"}]}"
                    }
                ]
            }
        }
    },
    "display": {
        "title": {
            "translate": "ca.enchants.adv.satiation.title",
            "fallback": "Satiation                ",
            "color": "aqua"
        },
        "description": {
            "translate": "ca.enchants.adv.satiation.desc",
            "fallback": "When the user consumes food, gain a brief combat buff.",
            "color": "white"
        },
        "icon": {
            "item": "minecraft:golden_carrot"
        },
        "frame": "task",
        "show_toast": true,
        "announce_to_chat": false,
        "hidden": true
    },
    "rewards": {
        "function": "cartographer_custom_enchantments:descriptions/passive/satiation"
    },
    "parent": "cartographer_custom_enchantments:passive/resourceful"
}
