{
    "criteria": {
        "find": {
            "trigger": "minecraft:inventory_changed",
            "conditions": {
                "items": [
                    {
                        "nbt": "{CustomEnchantments:[{id:\"second_wind\"}]}"
                    }
                ]
            }
        }
    },
    "display": {
        "title": {
            "translate": "ca.enchants.adv.second_wind.title",
            "fallback": "Second Wind              ",
            "color": "aqua"
        },
        "description": {
            "color": "white",
            "translate": "ca.enchants.adv.second_wind.desc",
            "fallback": "Saves you from a lethal hit, gaining brief Resistance V. After cheating death, you must kill all mobs attacking you, or die shortly after."
        },
        "icon": {
            "item": "minecraft:totem_of_undying"
        },
        "frame": "task",
        "show_toast": true,
        "announce_to_chat": false,
        "hidden": true
    },
    "rewards": {
        "function": "cartographer_custom_enchantments:descriptions/passive/second_wind"
    },
    "parent": "cartographer_custom_enchantments:passive/satiation"
}
