{
    "display": {
        "title": {
            "translate": "ca.enchants.adv.sprint_dash.title",
            "fallback": "Sprint Dash              ",
            "color": "aqua"
        },
        "description": {
            "translate": "ca.enchants.adv.sprint_dash.desc",
            "fallback": "When the user sprint jumps, they get a burst of motion that propels them forward.",
            "color": "white"
        },
        "icon": {
            "item": "minecraft:rabbit_foot"
        },
        "frame": "task",
        "show_toast": true,
        "announce_to_chat": false,
        "hidden": true
    },
    "criteria": {
        "find": {
            "trigger": "minecraft:inventory_changed",
            "conditions": {
                "items": [
                    {
                        "nbt": "{CustomEnchantments:[{id:\"sprint_dash\"}]}"
                    }
                ]
            }
        }
    },
    "rewards": {
        "function": "cartographer_custom_enchantments:descriptions/passive/sprint_dash"
    },
    "parent": "cartographer_custom_enchantments:passive/shielding"
}
