{
    "display": {
        "title": {
            "translate": "ca.enchants.adv.starfall.title",
            "fallback": "Starfall                 ",
            "color": "aqua"
        },
        "description": {
            "translate": "ca.enchants.adv.starfall.desc",
            "fallback": "While worn or held, periodically damages a random mob near you. It cannot strike the same mob twice in a row.",
            "color": "white"
        },
        "icon": {
            "item": "minecraft:nether_star"
        },
        "frame": "task",
        "show_toast": true,
        "announce_to_chat": false,
        "hidden": true
    },
    "criteria": {
        "find": {
            "trigger": "minecraft:inventory_changed",
            "conditions": {
                "items": [
                    {
                        "nbt": "{CustomEnchantments:[{id:\"starfall\"}]}"
                    }
                ]
            }
        }
    },
    "rewards": {
        "function": "cartographer_custom_enchantments:descriptions/passive/starfall"
    },
    "parent": "cartographer_custom_enchantments:passive/stalwart"
}
