{
    "display": {
        "title": {
            "translate": "ca.enchants.adv.thorns.title",
            "fallback": "Thorns                   ",
            "color": "aqua"
        },
        "description": {
            "translate": "ca.enchants.adv.thorns.desc",
            "fallback": "When the user is attacked, they retaliate against their attacker, dealing damage. If the armor has on hit melee effect enchantments (such as Fire Aspect) those are also applied.",
            "color": "white"
        },
        "icon": {
            "item": "minecraft:cactus"
        },
        "frame": "task",
        "show_toast": true,
        "announce_to_chat": false,
        "hidden": true
    },
    "criteria": {
        "find": {
            "trigger": "minecraft:inventory_changed",
            "conditions": {
                "items": [
                    {
                        "nbt": "{CustomEnchantments:[{id:\"thorns\"}]}"
                    }
                ]
            }
        }
    },
    "rewards": {
        "function": "cartographer_custom_enchantments:descriptions/passive/thorns"
    },
    "parent": "cartographer_custom_enchantments:passive/starfall"
}
