{
  "criteria": {
    "requirement": {
      "trigger": "minecraft:player_interacted_with_entity",
      "conditions": {
        "entity": [
          {
            "condition": "minecraft:entity_properties",
            "entity": "this",
            "predicate": {
              "type": "minecraft:interaction",
              "nbt": "{Tags:[\"ca.repair_anvil.object\"]}"
            }
          }
        ]
      }
    }
  },
  "rewards": {
    "function": "cartographer_repair_stations:repair_anvil/func/interact/right"
  }
}

