{
    "criteria": {
        "found": {
            "trigger": "minecraft:inventory_changed",
            "conditions": {
                "items": [
                    {
                        "nbt": "{CustomEnchantments:[{id:\"soulbound\"}]}"
                    }
                ]
            }
        }
    },
    "display": {
        "title": {
            "translate": "ca.enchants.adv.soulbound.title",
            "fallback": "Soulbound                ",
            "color": "aqua"
        },
        "description": {
            "color": "white",
            "translate": "ca.enchants.adv.soulbound.desc",
            "fallback": "This item is not dropped on death."
        },
        "icon": {
            "item": "minecraft:nether_star"
        },
        "frame": "task",
        "show_toast": true,
        "announce_to_chat": false,
        "hidden": true
    },
    "rewards": {
        "function": "cartographer_custom_enchantments:descriptions/other/soulbound"
    },
    "parent": "cartographer_custom_enchantments:other/infinity"
}
