{
    "criteria": {
        "found": {
            "trigger": "minecraft:inventory_changed",
            "conditions": {
                "items": [
                    {
                        "nbt": "{Unbreakable:1b}"
                    }
                ]
            }
        }
    },
    "display": {
        "title": {
            "translate": "ca.enchants.adv.unbreakable.title",
            "fallback": "Unbreakable              ",
            "color": "aqua"
        },
        "description": {
            "translate": "ca.enchants.adv.unbreakable.desc",
            "fallback": "This equipment does not have durability.",
            "color": "white"
        },
        "icon": {
            "item": "minecraft:anvil"
        },
        "frame": "task",
        "show_toast": true,
        "announce_to_chat": false,
        "hidden": true
    },
    "rewards": {
        "function": "cartographer_custom_enchantments:descriptions/other/unbreakable"
    },
    "parent": "cartographer_custom_enchantments:other/soulbound"
}
