{
  "temperature": 0.8,
  "downfall": 0,
  "has_precipitation": false,
  "temperature_modifier": "none",
  "effects": {
    "sky_color": 16777215,
    "fog_color": 16777215,
    "water_color": 16777215,
    "water_fog_color": 16777215,
    "grass_color": 0,
    "foliage_color": 16777215,
    "ambient_sound": "ambient.soul_sand_valley.loop",
    "mood_sound": {
      "sound": "ambient.soul_sand_valley.mood",
      "tick_delay": 3000,
      "block_search_extent": 3,
      "offset": 2
    },
    "additions_sound": {
      "sound": "ambient.soul_sand_valley.additions",
      "tick_chance": 0.015
    },
    "particle": {
      "options": {
        "type": "white_ash"
      },
      "probability": 0.003
    }
  },
  "spawners": {},
  "spawn_costs": {},
  "carvers": {},
  "features": []
}
