{
    "criteria": {
      "requirement": {
        "trigger": "minecraft:player_hurt_entity",
        "conditions": {
          "entity": [
            {
              "condition": "minecraft:entity_properties",
              "entity": "this",
              "predicate": {
                "type": "minecraft:sheep",
                "nbt": "{Tags:[\"repair_interact_confirm\"]}"
              }
            }
          ]
        }
      }
    },
    "rewards": {
      "function": "cartographer_repair_stations:loop/tick/sheep_to_repair"
    }
  }
  