{
  "condition": "minecraft:entity_properties",
  "entity": "this",
  "predicate": {
    "equipment": {
      "mainhand": {
        "items": [
          "minecraft:air"
        ]
      },
      "offhand": {
        "items": [
          "minecraft:air"
        ]
      },
      "head": {
        "items": [
          "minecraft:air"
        ]
      },
      "chest": {
        "items": [
          "minecraft:air"
        ]
      },
      "legs": {
        "items": [
          "minecraft:air"
        ]
      },
      "feet": {
        "items": [
          "minecraft:air"
        ]
      }
    }
  }
}
