{
  "pools": [
    {
      "rolls": {
        "type": "minecraft:score",
        "target": {
          "type": "minecraft:fixed",
          "name": "$result"
        },
        "score": "ca.loot_multiplier",
        "scale": 1
      },
      "entries": [
        {
          "type": "minecraft:item",
          "name": "minecraft:green_stained_glass",
          "functions": [
            {
              "function": "minecraft:set_count",
              "count": {
                "min": 6,
                "max": 6
              }
            }
          ]
        }
      ]
    }
  ]
}
