{
    "type": "minecraft:block",
    "pools": [
      {
        "rolls": {
          "type": "minecraft:score",
          "target": {
            "type": "minecraft:fixed",
            "name": "$result"
          },
          "score": "ca.loot_multiplier",
          "scale": 4
        },
        "entries": [
          {
            "type": "minecraft:item",
            "weight": 1,
            "name": "minecraft:golden_apple"
          },
          {
            "type": "minecraft:item",
            "weight": 6,
            "name": "minecraft:cooked_rabbit",
            "functions": [
              {
                "function": "minecraft:set_count",
                "count": 2
              }
            ]
          },
          {
            "type": "minecraft:item",
            "weight": 8,
            "name": "minecraft:hay_block"
          },
          {
            "type": "minecraft:item",
            "weight": 15,
            "name": "minecraft:dried_kelp_block",
            "functions": [
              {
                "function": "minecraft:set_count",
                "count": 1
              }
            ]
          },
          {
            "type": "minecraft:item",
            "weight": 10,
            "name": "minecraft:apple",
            "functions": [
              {
                "function": "minecraft:set_count",
                "count": 3
              }
            ]
          }
        ]
      }
    ]
  }
  