{
  "type": "minecraft:block",
  "pools": [
    {
      "rolls": {
        "type": "minecraft:score",
        "target": {
          "type": "minecraft:fixed",
          "name": "$result"
        },
        "score": "ca.loot_multiplier",
        "scale": 1
      },
      "entries": [
        {
          "type": "minecraft:item",
          "name": "minecraft:iron_pickaxe",
          "functions": [
            {
              "function": "minecraft:set_damage",
              "damage": {
                "min": 0.5,
                "max": 1
              },
              "conditions": [
                {
                  "condition": "minecraft:random_chance",
                  "chance": 0.9
                }
              ]
            }
          ]
        },
        {
          "type": "minecraft:item",
          "name": "minecraft:iron_shovel",
          "functions": [
            {
              "function": "minecraft:set_damage",
              "damage": {
                "min": 0.5,
                "max": 1
              },
              "conditions": [
                {
                  "condition": "minecraft:random_chance",
                  "chance": 0.9
                }
              ]
            }
          ]
        },
        {
          "type": "minecraft:item",
          "name": "minecraft:stone_pickaxe",
          "functions": [
            {
              "function": "minecraft:set_damage",
              "damage": {
                "min": 0.75,
                "max": 1
              },
              "conditions": [
                {
                  "condition": "minecraft:random_chance",
                  "chance": 0.5
                }
              ]
            }
          ]
        },
        {
          "type": "minecraft:item",
          "name": "minecraft:stone_shovel",
          "functions": [
            {
              "function": "minecraft:set_damage",
              "damage": {
                "min": 0.75,
                "max": 1
              },
              "conditions": [
                {
                  "condition": "minecraft:random_chance",
                  "chance": 0.5
                }
              ]
            }
          ]
        },
        {
          "type": "minecraft:item",
          "name": "minecraft:golden_pickaxe",
          "functions": [
            {
              "function": "minecraft:set_damage",
              "damage": {
                "min": 0.75,
                "max": 1
              },
              "conditions": [
                {
                  "condition": "minecraft:random_chance",
                  "chance": 0.1
                }
              ]
            }
          ]
        },
        {
          "type": "minecraft:item",
          "name": "minecraft:golden_shovel",
          "functions": [
            {
              "function": "minecraft:set_damage",
              "damage": {
                "min": 0.75,
                "max": 1
              },
              "conditions": [
                {
                  "condition": "minecraft:random_chance",
                  "chance": 0.1
                }
              ]
            }
          ]
        },
        {
          "type": "minecraft:item",
          "name": "minecraft:wooden_pickaxe",
          "functions": [
            {
              "function": "minecraft:set_damage",
              "damage": {
                "min": 0.75,
                "max": 1
              },
              "conditions": [
                {
                  "condition": "minecraft:random_chance",
                  "chance": 0.5
                }
              ]
            }
          ]
        },
        {
          "type": "minecraft:item",
          "name": "minecraft:wooden_shovel",
          "functions": [
            {
              "function": "minecraft:set_damage",
              "damage": {
                "min": 0.75,
                "max": 1
              },
              "conditions": [
                {
                  "condition": "minecraft:random_chance",
                  "chance": 0.5
                }
              ]
            }
          ]
        }
      ]
    }
  ]
}
