{
    "display": {
        "title": {
            "translate": "ca.abilities.adv.grenade.title",
            "fallback": "Grenade                  ",
            "color": "white"
        },
        "description": {
            "translate": "ca.abilities.adv.grenade.desc",
            "fallback": "Shoots a grenade projectile that explodes on the ground.",
            "color": "white"
        },
        "icon": {
            "item": "minecraft:firework_star"
        },
        "frame": "task",
        "show_toast": false,
        "announce_to_chat": false,
        "hidden": true
    },
    "criteria": {
        "found": {
            "trigger": "minecraft:player_killed_entity",
            "conditions": {
                "entity": {
                    "nbt": "{Tags:[\"ca.sh_grenade\"]}"
                }
            }
        }
    },
    "parent": "cartographer_mob_abilities:projectiles/boomerang"
}
