{
    "display": {
        "title": {
            "translate": "ca.abilities.adv.lightning.title",
            "fallback": "Lightning                ",
            "color": "white"
        },
        "description": {
            "translate": "ca.abilities.adv.lightning.desc",
            "fallback": "Shoots lightning which spawns near the player.",
            "color": "white"
        },
        "icon": {
            "item": "minecraft:lightning_rod"
        },
        "frame": "task",
        "show_toast": false,
        "announce_to_chat": false,
        "hidden": true
    },
    "criteria": {
        "found": {
            "trigger": "minecraft:player_killed_entity",
            "conditions": {
                "entity": {
                    "nbt": "{Tags:[\"ca.sh_lightning\"]}"
                }
            }
        }
    },
    "parent": "cartographer_mob_abilities:projectiles/grenade"
}
