{
    "display": {
        "title": {
            "translate": "ca.abilities.adv.magic_missile.title",
            "fallback": "Magic Missile            ",
            "color": "white"
        },
        "description": {
            "translate": "ca.abilities.adv.magic_missile.desc",
            "fallback": "Shoots a missile that chases players.",
            "color": "white"
        },
        "icon": {
            "item": "minecraft:ender_eye"
        },
        "frame": "task",
        "show_toast": false,
        "announce_to_chat": false,
        "hidden": true
    },
    "criteria": {
        "found": {
            "trigger": "minecraft:player_killed_entity",
            "conditions": {
                "entity": {
                    "nbt": "{Tags:[\"ca.sh_magic_missile\"]}"
                }
            }
        }
    },
    "parent": "cartographer_mob_abilities:projectiles/lightning"
}
