{
    "display": {
        "title": {
            "translate": "ca.abilities.adv.needle.title",
            "fallback": "Needle                   ",
            "color": "white"
        },
        "description": {
            "translate": "ca.abilities.adv.needle.desc",
            "fallback": "Shoots a projectile that is unaffected by gravity.",
            "color": "white"
        },
        "icon": {
            "item": "minecraft:arrow"
        },
        "frame": "task",
        "show_toast": false,
        "announce_to_chat": false,
        "hidden": true
    },
    "criteria": {
        "found1": {
            "trigger": "minecraft:player_killed_entity",
            "conditions": {
                "entity": {
                    "nbt": "{Tags:[\"ca.sh_needle\"]}"
                }
            }
        }
    },
    "parent": "cartographer_mob_abilities:projectiles/magic_missile"
}
