{
    "criteria": {
        "tick": {
            "trigger": "minecraft:tick"
        }
    },
    "display": {
        "title": {
            "translate": "ca.abilities.adv.tree_projectiles.title",
            "fallback": "Projectile Types          ",
            "color": "yellow"
        },
        "description": {
            "translate": "ca.abilities.adv.tree_projectiles.desc",
            "fallback": "Custom Projectiles that can be shot by mobs.",
            "color": "white"
        },
        "icon": {
            "item": "minecraft:fire_charge"
        },
        "frame": "goal",
        "show_toast": false,
        "announce_to_chat": false,
        "hidden": false
    },
    "parent": "cartographer_mob_abilities:root"
}
