{
    "display": {
        "title": {
            "translate": "ca.abilities.adv.trap.title",
            "fallback": "Trap                     ",
            "color": "white"
        },
        "description": {
            "translate": "ca.abilities.adv.trap.desc",
            "fallback": "Shoots a projectile that makes a trap where it lands.",
            "color": "white"
        },
        "icon": {
            "item": "minecraft:flint"
        },
        "frame": "task",
        "show_toast": false,
        "announce_to_chat": false,
        "hidden": true
    },
    "criteria": {
        "found": {
            "trigger": "minecraft:player_killed_entity",
            "conditions": {
                "entity": {
                    "nbt": "{Tags:[\"ca.sh_trap\"]}"
                }
            }
        }
    },
    "parent": "cartographer_mob_abilities:projectiles/rift"
}
