{
    "criteria": {
        "find": {
            "trigger": "minecraft:inventory_changed",
            "conditions": {
                "items": [
                    {
                        "nbt": "{CustomEnchantments:[{id:\"curse_clumsiness\"}]}"
                    }
                ]
            }
        }
    },
    "display": {
        "title": {
            "translate": "ca.enchants.adv.curse_clumsiness.title",
            "fallback": "Curse of Clumsiness      ",
            "color": "#ff8c8c"
        },
        "description": {
            "color": "white",
            "translate": "ca.enchants.adv.curse_clumsiness.desc",
            "fallback": "When you take fall damage, you take additional fall damage."
        },
        "icon": {
            "item": "minecraft:chainmail_boots"
        },
        "frame": "task",
        "show_toast": true,
        "announce_to_chat": false,
        "hidden": true
    },
    "rewards": {
        "function": "cartographer_custom_enchantments:descriptions/curse/clumsiness"
    },
    "parent": "cartographer_custom_enchantments:tree_curse"
}
