{
    "criteria": {
        "find": {
            "trigger": "minecraft:inventory_changed",
            "conditions": {
                "items": [
                    {
                        "nbt": "{CustomEnchantments:[{id:\"curse_encumbering\"}]}"
                    }
                ]
            }
        }
    },
    "display": {
        "title": {
            "translate": "ca.enchants.adv.curse_encumbering.title",
            "fallback": "Curse of Encumbering     ",
            "color": "#ff8c8c"
        },
        "description": {
            "color": "white",
            "translate": "ca.enchants.adv.curse_encumbering.desc",
            "fallback": "Arrows from this weapon travel at drastically reduced speed. (Their damage is unaffected)"
        },
        "icon": {
            "item": "minecraft:arrow"
        },
        "frame": "task",
        "show_toast": true,
        "announce_to_chat": false,
        "hidden": true
    },
    "rewards": {
        "function": "cartographer_custom_enchantments:descriptions/curse/encumbering"
    },
    "parent": "cartographer_custom_enchantments:curse/drowning"
}
