{
    "criteria": {
        "found": {
            "trigger": "minecraft:inventory_changed",
            "conditions": {
                "items": [
                    {
                        "nbt": "{RepairCost:60}"
                    }
                ]
            }
        }
    },
    "display": {
        "title": {
            "translate": "ca.enchants.adv.curse_irreparability.title",
            "fallback": "Curse of Irreparability  ",
            "color": "#ff8c8c"
        },
        "description": {
            "color": "white",
            "translate": "ca.enchants.adv.curse_irreparability.desc",
            "fallback": "This item cannot be repaired by an anvil."
        },
        "icon": {
            "item": "minecraft:damaged_anvil"
        },
        "frame": "task",
        "show_toast": true,
        "announce_to_chat": false,
        "hidden": true
    },
    "rewards": {
        "function": "cartographer_custom_enchantments:descriptions/curse/irreparability"
    },
    "parent": "cartographer_custom_enchantments:curse/flammability"
}
