{
    "criteria": {
        "find": {
            "trigger": "minecraft:inventory_changed",
            "conditions": {
                "items": [
                    {
                        "nbt": "{CustomEnchantments:[{id:\"curse_jinxing\"}]}"
                    }
                ]
            }
        }
    },
    "display": {
        "title": {
            "translate": "ca.enchants.adv.curse_jinxing.title",
            "fallback": "Curse of Jinxing         ",
            "color": "#ff8c8c"
        },
        "description": {
            "color": "white",
            "translate": "ca.enchants.adv.curse_jinxing.desc",
            "fallback": "When you take Wither or Poison damage, take additional magic damage."
        },
        "icon": {
            "item": "minecraft:wither_rose"
        },
        "frame": "task",
        "show_toast": true,
        "announce_to_chat": false,
        "hidden": true
    },
    "rewards": {
        "function": "cartographer_custom_enchantments:descriptions/curse/jinxing"
    },
    "parent": "cartographer_custom_enchantments:curse/irreparability"
}
