{
    "display": {
        "title": {
            "translate": "ca.enchants.adv.curse_malevolence.title",
            "fallback": "Curse of Malevolence     ",
            "color": "#ff8c8c"
        },
        "description": {
            "translate": "ca.enchants.adv.curse_malevolence.desc",
            "fallback": "When more than 1 of these items is used at a time, the user is inflicted with Blindness.",
            "color": "white"
        },
        "icon": {
            "item": "minecraft:obsidian"
        },
        "frame": "task",
        "show_toast": true,
        "announce_to_chat": false,
        "hidden": true
    },
    "criteria": {
        "find": {
            "trigger": "minecraft:inventory_changed",
            "conditions": {
                "items": [
                    {
                        "nbt": "{CustomEnchantments:[{id:\"curse_malevolence\"}]}"
                    }
                ]
            }
        }
    },
    "rewards": {
        "function": "cartographer_custom_enchantments:descriptions/curse/malevolence"
    },
    "parent": "cartographer_custom_enchantments:tree_curse"
}
