{
    "criteria": {
        "find": {
            "trigger": "minecraft:inventory_changed",
            "conditions": {
                "items": [
                    {
                        "nbt": "{CustomEnchantments:[{id:\"curse_rusting\"}]}"
                    }
                ]
            }
        }
    },
    "display": {
        "title": {
            "translate": "ca.enchants.adv.curse_rusting.title",
            "fallback": "Curse of Rusting         ",
            "color": "#ff8c8c"
        },
        "description": {
            "color": "white",
            "translate": "ca.enchants.adv.curse_rusting.desc",
            "fallback": "The item slowly takes durability damage over time (to a cap)."
        },
        "icon": {
            "item": "minecraft:netherite_scrap"
        },
        "frame": "task",
        "show_toast": true,
        "announce_to_chat": false,
        "hidden": true
    },
    "rewards": {
        "function": "cartographer_custom_enchantments:descriptions/curse/rusting"
    },
    "parent": "cartographer_custom_enchantments:curse/regret"
}
