{
    "criteria": {
        "find": {
            "trigger": "minecraft:inventory_changed",
            "conditions": {
                "items": [
                    {
                        "nbt": "{CustomEnchantments:[{id:\"curse_shattering\"}]}"
                    }
                ]
            }
        }
    },
    "display": {
        "title": {
            "translate": "ca.enchants.adv.curse_shattering.title",
            "fallback": "Curse of Shattering      ",
            "color": "#ff8c8c"
        },
        "description": {
            "color": "white",
            "translate": "ca.enchants.adv.curse_shattering.desc",
            "fallback": "When the user dies and drops this item, it loses a portion of remaining durability."
        },
        "icon": {
            "item": "minecraft:glass"
        },
        "frame": "task",
        "show_toast": true,
        "announce_to_chat": false,
        "hidden": true
    },
    "rewards": {
        "function": "cartographer_custom_enchantments:descriptions/curse/shattering"
    },
    "parent": "cartographer_custom_enchantments:curse/rusting"
}
