{
  "pools": [
    {
      "rolls": 1,
      "entries": [
        {
          "type": "minecraft:item",
          "name": "minecraft:potion",
          "functions": [
            {
              "function": "minecraft:set_nbt",
              "tag": "{display:{Name:'{\"text\":\"Greater Potion of Water Breathing\",\"color\":\"aqua\",\"italic\":false}'},custom_potion_effects:[{id:\"minecraft:water_breathing\",amplifier:0b,duration:18000}],Potion:\"minecraft:awkward\",CustomPotionColor:3035801}"
            }
          ]
        }
      ]
    }
  ]
}
