{
  "type": "minecraft:block",
  "pools": [
    {
      "rolls": {
        "type": "minecraft:score",
        "target": {
          "type": "minecraft:fixed",
          "name": "$result"
        },
        "score": "ca.loot_multiplier",
        "scale": 1
      },
      "entries": [
        {
          "type": "minecraft:empty",
          "weight": 3
        },
        {
          "type": "minecraft:item",
          "weight": 2,
          "name": "minecraft:obsidian"
        },
        {
          "type": "minecraft:item",
          "weight": 2,
          "name": "minecraft:ender_eye"
        },
        {
          "type": "minecraft:item",
          "weight": 1,
          "name": "minecraft:ender_pearl"
        }
      ]
    }
  ]
}
