{
  "criteria": {
    "requirement": {
      "trigger": "minecraft:consume_item",
      "conditions": {
        "player": [
          {
            "condition": "minecraft:entity_properties",
            "entity": "this",
            "predicate": {
              "equipment": {
                "offhand": {
                  "nbt": "{ori.spore:1b}"
                }
              }
            }
          }
        ],
        "item": {
          "tag": "orian:food"
        }
      }
    }
  },
  "rewards": {
    "function": "orian:item_spore_cluster"
  }
}
