{
  "display": {
    "icon": {
      "item": "minecraft:zombie_head"
    },
    "title": {
      "translate": "ca.abilities.adv.corpse_crawler.title",
      "fallback": "Corpse Crawler           ",
      "color": "white"
    },
    "description": {
      "translate": "ca.abilities.adv.corpse_crawler.desc",
      "fallback": "On death, drops corpse eggs, which hatch into various mobs. Eggs can be destroyed by attacks.",
      "color": "white"
    },
    "frame": "task",
    "show_toast": true,
    "announce_to_chat": false,
    "hidden": true
  },
  "parent": "cartographer_mob_abilities:death/bloodthirst",
  "criteria": {
    "found": {
      "trigger": "minecraft:player_killed_entity",
      "conditions": {
        "entity": {
          "nbt": "{Tags:[\"ca.corpse_crawler\"]}"
        }
      }
    }
  },
  "requirements": [
    [
      "found"
    ]
  ],
  "rewards": {
    "function": "cartographer_mob_abilities:descriptions/death/corpse_crawler"
  }
}
