{
    "criteria": {
        "tick": {
            "trigger": "minecraft:tick"
        }
    },
    "display": {
        "title": {
            "translate": "ca.abilities.adv.tree_morbids.title",
            "fallback": "Morbids                  ",
            "color": "yellow"
        },
        "description": {
            "translate": "ca.abilities.adv.tree_morbids.desc",
            "fallback": "Mob attacks and effects that activate when they die.",
            "color": "white"
        },
        "icon": {
            "item": "minecraft:skeleton_skull"
        },
        "frame": "goal",
        "show_toast": false,
        "announce_to_chat": false,
        "hidden": false
    },
    "parent": "cartographer_mob_abilities:root"
}
