{
    "display": {
        "title": {
            "translate": "ca.abilities.adv.parting_gift.title",
            "fallback": "Parting Gift             ",
            "color": "white"
        },
        "description": {
            "translate": "ca.abilities.adv.parting_gift.desc",
            "fallback": "On death, drops a bomb that damages nearby players.",
            "color": "white"
        },
        "icon": {
            "item": "minecraft:tnt"
        },
        "frame": "task",
        "show_toast": true,
        "announce_to_chat": false,
        "hidden": true
    },
    "criteria": {
        "found": {
            "trigger": "minecraft:player_killed_entity",
            "conditions": {
                "entity": {
                    "nbt": "{Tags:[\"ca.parting_gift\"]}"
                }
            }
        }
    },
    "rewards": {
        "function": "cartographer_mob_abilities:descriptions/death/parting_gift"
    },
    "parent": "cartographer_mob_abilities:death/exalted"
}
