{
    "criteria": {
        "found": {
            "trigger": "minecraft:player_killed_entity",
            "conditions": {
                "entity": {
                    "nbt": "{Tags:[\"ca.hazard\"]}"
                }
            }
        }
    },
    "display": {
        "title": {
            "translate": "ca.abilities.adv.hazardous.title",
            "fallback": "Hazardous                ",
            "color": "white"
        },
        "description": {
            "color": "white",
            "translate": "ca.abilities.adv.hazardous.desc",
            "fallback": "On death, the enemy drops an environmental hazard based on its traits."
        },
        "icon": {
            "item": "minecraft:campfire"
        },
        "frame": "task",
        "show_toast": true,
        "announce_to_chat": false,
        "hidden": true
    },
    "rewards": {
        "function": "cartographer_mob_abilities:descriptions/death/pyromania"
    },
    "parent": "cartographer_mob_abilities:death/parting_gift"
}
