{
    "criteria": {
        "found": {
            "trigger": "minecraft:player_killed_entity",
            "conditions": {
                "entity": {
                    "nbt": "{Tags:[\"ca.spectral\"]}"
                }
            }
        }
    },
    "display": {
        "title": {
            "translate": "ca.abilities.adv.spectral.title",
            "fallback": "Spectral                 ",
            "color": "white"
        },
        "description": {
            "translate": "ca.abilities.adv.spectral.desc",
            "fallback": "On death, drops a remnant which creates a single mob shortly after.",
            "color": "white"
        },
        "icon": {
            "item": "minecraft:wither_skeleton_skull"
        },
        "frame": "task",
        "show_toast": true,
        "announce_to_chat": false,
        "hidden": true
    },
    "rewards": {
        "function": "cartographer_mob_abilities:descriptions/death/spectral"
    },
    "parent": "cartographer_mob_abilities:death/pyromania"
}
